name, street, locality, region, zip,SU0,SU1,SU2,SU3,SU4,SU5,SU6,SU7,SU8,SU9,SU10,SU11,SU12,SU13,SU14,SU15,SU16,SU17,SU18,SU19,SU20,SU21,SU22,SU23,M0,M1,M2,M3,M4,M5,M6,M7,M8,M9,M10,M11,M12,M13,M14,M15,M16,M17,M18,M19,M20,M21,M22,M23,TU0,TU1,TU2,TU3,TU4,TU5,TU6,TU7,TU8,TU9,TU10,TU11,TU12,TU13,TU14,TU15,TU16,TU17,TU18,TU19,TU20,TU21,TU22,TU23,W0,W1,W2,W3,W4,W5,W6,W7,W8,W9,W10,W11,W12,W13,W14,W15,W16,W17,W18,W19,W20,W21,W22,W23,TH0,TH1,TH2,TH3,TH4,TH5,TH6,TH7,TH8,TH9,TH10,TH11,TH12,TH13,TH14,TH15,TH16,TH17,TH18,TH19,TH20,TH21,TH22,TH23,F0,F1,F2,F3,F4,F5,F6,F7,F8,F9,F10,F11,F12,F13,F14,F15,F16,F17,F18,F19,F20,F21,F22,F23,SA0,SA1,SA2,SA3,SA4,SA5,SA6,SA7,SA8,SA9,SA10,SA11,SA12,SA13,SA14,SA15,SA16,SA17,SA18,SA19,SA20,SA21,SA22,SA23, title transfers, licensing services, replace lost/stolen/damaged,plates permits & placards, testing, records, registration, request miscellaneous original documents, other
Alturas,903 W C St, Alturas, CA,96101,NA,NA,NA,NA,NA,NA,NA,NA,NA,NA,NA,NA,NA,NA,NA,NA,NA,NA,NA,NA,NA,NA,NA,NA,NA,NA,NA,NA,NA,NA,NA,0,1,2,1,2,0,2,1,1,0,0,0,NA,NA,NA,NA,NA,NA,NA,NA,NA,NA,NA,NA,0,1,1,1,0,0,1,1,1,1,0,0,NA,NA,NA,NA,NA,NA,NA,NA,NA,NA,NA,NA,0,1,1,1,1,0,2,2,1,1,0,0,NA,NA,NA,NA,NA,NA,NA,NA,NA,NA,NA,NA,0,0,0,1,1,0,2,1,1,0,0,0,NA,NA,NA,NA,NA,NA,NA,NA,NA,NA,NA,NA,0,1,1,3,2,0,3,1,1,1,0,0,NA,NA,NA,NA,NA,NA,NA,NA,NA,NA,NA,NA,0,0,0,0,0,0,0,0,0,0,0,0,NA,NA,NA,NA,NA,1,1,1,1,1,1,1,1,
Arleta,14400 Van Nuys Blvd, Arleta, CA,91331,NA,NA,NA,NA,NA,NA,NA,NA,NA,NA,NA,NA,NA,NA,NA,NA,NA,NA,NA,NA,NA,NA,NA,NA,NA,NA,NA,NA,NA,NA,NA,0,12,21,33,31,34,32,31,43,28,4,0,NA,NA,NA,NA,NA,NA,NA,NA,NA,NA,NA,NA,0,15,28,33,32,34,26,29,35,23,7,0,NA,NA,NA,NA,NA,NA,NA,NA,NA,NA,NA,NA,0,7,20,40,34,41,42,40,50,12,0,0,NA,NA,NA,NA,NA,NA,NA,NA,NA,NA,NA,NA,0,11,18,30,16,10,20,13,17,11,4,0,NA,NA,NA,NA,NA,NA,NA,NA,NA,NA,NA,NA,0,13,18,31,31,27,30,27,31,14,2,0,NA,NA,NA,NA,NA,NA,NA,NA,NA,NA,NA,NA,0,0,0,0,0,0,0,0,0,0,0,0,NA,NA,NA,NA,NA,1,NA,1,1,1,1,1,1,
Arvin,317 Campus Dr, Arvin, CA,93203,NA,NA,NA,NA,NA,NA,NA,NA,NA,NA,NA,NA,NA,NA,NA,NA,NA,NA,NA,NA,NA,NA,NA,NA,NA,NA,NA,NA,NA,NA,NA,0,14,36,38,38,33,36,36,25,7,0,0,NA,NA,NA,NA,NA,NA,NA,NA,NA,NA,NA,NA,0,16,39,28,24,26,32,27,26,12,1,0,NA,NA,NA,NA,NA,NA,NA,NA,NA,NA,NA,NA,0,5,18,24,23,25,34,24,27,8,0,0,NA,NA,NA,NA,NA,NA,NA,NA,NA,NA,NA,NA,0,6,11,13,22,28,15,11,10,9,0,0,NA,NA,NA,NA,NA,NA,NA,NA,NA,NA,NA,NA,0,10,11,10,16,16,17,8,16,9,1,0,NA,NA,NA,NA,NA,NA,NA,NA,NA,NA,NA,NA,0,0,0,0,0,0,0,0,0,0,0,0,NA,NA,NA,NA,NA,1,1,1,1,1,1,1,1,
Auburn,11722 Enterprise Dr, Auburn, CA,95603,NA,NA,NA,NA,NA,NA,NA,NA,NA,NA,NA,NA,NA,NA,NA,NA,NA,NA,NA,NA,NA,NA,NA,NA,NA,NA,NA,NA,NA,NA,NA,0,12,28,33,36,33,30,20,16,5,0,0,NA,NA,NA,NA,NA,NA,NA,NA,NA,NA,NA,NA,0,7,17,11,9,19,20,17,21,17,0,0,NA,NA,NA,NA,NA,NA,NA,NA,NA,NA,NA,NA,0,2,14,30,37,50,36,18,27,18,0,0,NA,NA,NA,NA,NA,NA,NA,NA,NA,NA,NA,NA,0,8,15,15,11,17,18,14,20,5,0,0,NA,NA,NA,NA,NA,NA,NA,NA,NA,NA,NA,NA,0,8,15,20,26,23,26,21,26,17,0,0,NA,NA,NA,NA,NA,NA,NA,NA,NA,NA,NA,NA,0,0,0,0,0,0,0,0,0,0,0,0,NA,NA,NA,NA,NA,1,1,1,1,1,1,1,1,
Bakersfield Southwest,7000 Schirra Ct, Bakersfield, CA,93313,NA,NA,NA,NA,NA,NA,NA,NA,NA,NA,NA,NA,NA,NA,NA,NA,NA,NA,NA,NA,NA,NA,NA,NA,NA,NA,NA,NA,NA,NA,NA,0,15,42,45,33,33,32,31,38,17,0,0,NA,NA,NA,NA,NA,NA,NA,NA,NA,NA,NA,NA,0,14,37,41,42,43,23,25,30,11,0,0,NA,NA,NA,NA,NA,NA,NA,NA,NA,NA,NA,NA,0,5,22,48,44,30,33,32,30,12,0,0,NA,NA,NA,NA,NA,NA,NA,NA,NA,NA,NA,NA,0,11,14,17,15,16,17,18,26,13,0,0,NA,NA,NA,NA,NA,NA,NA,NA,NA,NA,NA,NA,0,15,29,21,19,22,23,23,20,9,0,0,NA,NA,NA,NA,NA,NA,NA,NA,NA,NA,NA,NA,0,0,0,0,0,0,0,0,0,0,0,0,NA,NA,NA,NA,NA,1,1,1,1,1,1,1,1,
Bakersfield,3120 F Street, Bakersfield, CA,93301,NA,NA,NA,NA,NA,NA,NA,NA,NA,NA,NA,NA,NA,NA,NA,NA,NA,NA,NA,NA,NA,NA,NA,NA,NA,NA,NA,NA,NA,NA,NA,0,10,28,47,42,65,48,39,36,35,2,0,NA,NA,NA,NA,NA,NA,NA,NA,NA,NA,NA,NA,0,13,32,46,37,38,39,35,46,23,4,0,NA,NA,NA,NA,NA,NA,NA,NA,NA,NA,NA,NA,0,6,16,31,19,36,36,37,32,10,0,0,NA,NA,NA,NA,NA,NA,NA,NA,NA,NA,NA,NA,0,11,19,27,29,36,32,33,34,13,0,0,NA,NA,NA,NA,NA,NA,NA,NA,NA,NA,NA,NA,0,10,17,30,29,27,30,46,38,11,0,0,NA,NA,NA,NA,NA,NA,NA,NA,NA,NA,NA,NA,0,0,0,0,0,0,0,0,0,0,0,0,NA,NA,NA,NA,NA,1,1,1,1,1,1,1,1,
Banning,1034 W Ramsey Street B, Banning, CA,92220,NA,NA,NA,NA,NA,NA,NA,NA,NA,NA,NA,NA,NA,NA,NA,NA,NA,NA,NA,NA,NA,NA,NA,NA,NA,NA,NA,NA,NA,NA,NA,0,12,20,32,34,33,31,23,22,10,1,0,NA,NA,NA,NA,NA,NA,NA,NA,NA,NA,NA,NA,0,14,27,42,35,30,28,27,30,12,0,0,NA,NA,NA,NA,NA,NA,NA,NA,NA,NA,NA,NA,0,4,13,32,33,29,27,17,20,11,0,0,NA,NA,NA,NA,NA,NA,NA,NA,NA,NA,NA,NA,0,11,26,36,40,35,26,27,17,4,0,0,NA,NA,NA,NA,NA,NA,NA,NA,NA,NA,NA,NA,0,10,27,42,52,56,47,36,29,14,0,0,NA,NA,NA,NA,NA,NA,NA,NA,NA,NA,NA,NA,0,0,0,0,0,0,0,0,0,0,0,0,NA,NA,NA,NA,NA,1,1,1,1,1,1,1,1,
Bell Gardens,6801 South Garfield, Bell Gardens, CA,90201,NA,NA,NA,NA,NA,NA,NA,NA,NA,NA,NA,NA,NA,NA,NA,NA,NA,NA,NA,NA,NA,NA,NA,NA,NA,NA,NA,NA,NA,NA,NA,1,22,9,16,26,29,34,23,31,17,0,0,NA,NA,NA,NA,NA,NA,NA,NA,NA,NA,NA,NA,1,24,29,32,37,42,43,41,41,17,0,0,NA,NA,NA,NA,NA,NA,NA,NA,NA,NA,NA,NA,1,10,14,21,24,34,32,31,35,23,1,0,NA,NA,NA,NA,NA,NA,NA,NA,NA,NA,NA,NA,1,17,14,16,22,20,29,22,24,13,0,0,NA,NA,NA,NA,NA,NA,NA,NA,NA,NA,NA,NA,1,12,9,15,16,16,13,14,24,17,0,0,NA,NA,NA,NA,NA,NA,NA,NA,NA,NA,NA,NA,0,0,0,0,0,0,0,0,0,0,0,0,NA,NA,NA,NA,NA,1,1,1,1,1,1,1,1,
Bellflower,9520 Artesia Blvd, Bellflower, CA,90706,NA,NA,NA,NA,NA,NA,NA,NA,NA,NA,NA,NA,NA,NA,NA,NA,NA,NA,NA,NA,NA,NA,NA,NA,NA,NA,NA,NA,NA,NA,NA,0,17,47,43,48,52,38,32,40,26,2,0,NA,NA,NA,NA,NA,NA,NA,NA,NA,NA,NA,NA,0,18,45,49,44,48,38,35,50,45,10,0,NA,NA,NA,NA,NA,NA,NA,NA,NA,NA,NA,NA,0,10,36,52,45,37,29,33,40,32,0,0,NA,NA,NA,NA,NA,NA,NA,NA,NA,NA,NA,NA,0,15,37,59,57,66,65,42,43,29,1,0,NA,NA,NA,NA,NA,NA,NA,NA,NA,NA,NA,NA,0,15,40,41,36,41,38,27,31,20,0,0,NA,NA,NA,NA,NA,NA,NA,NA,NA,NA,NA,NA,0,0,0,0,0,0,0,0,0,0,0,0,NA,NA,NA,NA,NA,1,1,1,1,1,1,1,1,
Brawley,1175 East Main Street, Brawley, CA,92227,NA,NA,NA,NA,NA,NA,NA,NA,NA,NA,NA,NA,NA,NA,NA,NA,NA,NA,NA,NA,NA,NA,NA,NA,NA,NA,NA,NA,NA,NA,NA,0,12,18,25,23,25,27,33,26,17,0,0,NA,NA,NA,NA,NA,NA,NA,NA,NA,NA,NA,NA,0,10,9,13,15,18,21,16,20,8,0,0,NA,NA,NA,NA,NA,NA,NA,NA,NA,NA,NA,NA,0,5,16,14,14,14,21,14,12,14,1,0,NA,NA,NA,NA,NA,NA,NA,NA,NA,NA,NA,NA,0,6,3,7,4,7,8,9,8,5,1,0,NA,NA,NA,NA,NA,NA,NA,NA,NA,NA,NA,NA,0,6,6,13,7,8,14,7,5,8,1,0,NA,NA,NA,NA,NA,NA,NA,NA,NA,NA,NA,NA,0,0,0,0,0,0,0,0,0,0,0,0,NA,NA,NA,NA,NA,1,1,1,1,1,1,1,1,
Capitola,4200 Capitola Road, Capitola, CA,95010,NA,NA,NA,NA,NA,NA,NA,NA,NA,NA,NA,NA,NA,NA,NA,NA,NA,NA,NA,NA,NA,NA,NA,NA,NA,NA,NA,NA,NA,NA,NA,0,6,14,16,13,16,15,14,13,4,0,0,NA,NA,NA,NA,NA,NA,NA,NA,NA,NA,NA,NA,0,6,9,7,9,16,17,16,11,5,0,0,NA,NA,NA,NA,NA,NA,NA,NA,NA,NA,NA,NA,0,2,7,13,7,8,7,8,8,2,0,0,NA,NA,NA,NA,NA,NA,NA,NA,NA,NA,NA,NA,0,3,3,6,3,4,5,6,9,4,0,0,NA,NA,NA,NA,NA,NA,NA,NA,NA,NA,NA,NA,0,3,7,7,6,12,9,13,7,3,0,0,NA,NA,NA,NA,NA,NA,NA,NA,NA,NA,NA,NA,0,0,0,0,0,0,0,0,0,0,0,0,NA,NA,NA,NA,NA,1,1,1,1,1,1,1,1,
Carmichael,5209 North Ave, Carmichael, CA,95608,NA,NA,NA,NA,NA,NA,NA,NA,NA,NA,NA,NA,NA,NA,NA,NA,NA,NA,NA,NA,NA,NA,NA,NA,NA,NA,NA,NA,NA,NA,NA,2,29,20,24,25,26,27,26,28,11,0,0,NA,NA,NA,NA,NA,NA,NA,NA,NA,NA,NA,NA,1,21,17,25,29,31,24,22,19,7,0,0,NA,NA,NA,NA,NA,NA,NA,NA,NA,NA,NA,NA,1,3,8,24,25,27,24,17,19,11,0,0,NA,NA,NA,NA,NA,NA,NA,NA,NA,NA,NA,NA,1,18,15,8,5,7,7,8,11,6,0,0,NA,NA,NA,NA,NA,NA,NA,NA,NA,NA,NA,NA,1,12,13,17,19,24,20,19,19,13,0,0,NA,NA,NA,NA,NA,NA,NA,NA,NA,NA,NA,NA,0,0,0,0,0,0,0,0,0,0,0,0,NA,NA,NA,NA,NA,1,1,1,1,1,1,1,1,
Chico,107 Parmac Rd #1, Chico, CA,95926,NA,NA,NA,NA,NA,NA,NA,NA,NA,NA,NA,NA,NA,NA,NA,NA,NA,NA,NA,NA,NA,NA,NA,NA,NA,NA,NA,NA,NA,NA,NA,0,9,28,30,22,26,8,11,25,16,0,0,NA,NA,NA,NA,NA,NA,NA,NA,NA,NA,NA,NA,0,11,15,21,12,11,8,16,22,4,0,0,NA,NA,NA,NA,NA,NA,NA,NA,NA,NA,NA,NA,0,3,13,27,24,11,10,15,17,13,0,0,NA,NA,NA,NA,NA,NA,NA,NA,NA,NA,NA,NA,0,7,4,8,6,9,8,13,17,4,0,0,NA,NA,NA,NA,NA,NA,NA,NA,NA,NA,NA,NA,0,7,11,19,15,10,9,17,21,6,0,0,NA,NA,NA,NA,NA,NA,NA,NA,NA,NA,NA,NA,0,0,0,0,0,0,0,0,0,0,0,0,NA,NA,NA,NA,NA,1,1,1,1,1,1,1,1,
Chula Vista,30 N Glover Avenue, Chula Vista, CA,91910,NA,NA,NA,NA,NA,NA,NA,NA,NA,NA,NA,NA,NA,NA,NA,NA,NA,NA,NA,NA,NA,NA,NA,NA,NA,NA,NA,NA,NA,NA,NA,0,12,19,27,28,26,32,20,21,13,1,0,NA,NA,NA,NA,NA,NA,NA,NA,NA,NA,NA,NA,0,13,18,20,28,30,26,18,22,11,1,0,NA,NA,NA,NA,NA,NA,NA,NA,NA,NA,NA,NA,0,3,11,20,24,27,23,20,21,8,1,0,NA,NA,NA,NA,NA,NA,NA,NA,NA,NA,NA,NA,0,11,15,16,11,12,19,13,15,5,0,0,NA,NA,NA,NA,NA,NA,NA,NA,NA,NA,NA,NA,0,11,15,15,14,14,16,17,15,6,0,0,NA,NA,NA,NA,NA,NA,NA,NA,NA,NA,NA,NA,0,0,0,0,0,0,0,0,0,0,0,0,NA,NA,NA,NA,NA,1,1,1,1,1,1,1,1,
Clovis,2103 Shaw Avenue, Clovis, CA,93611,NA,NA,NA,NA,NA,NA,NA,NA,NA,NA,NA,NA,NA,NA,NA,NA,NA,NA,NA,NA,NA,NA,NA,NA,NA,NA,NA,NA,NA,NA,NA,0,15,45,66,71,78,56,41,26,10,0,0,NA,NA,NA,NA,NA,NA,NA,NA,NA,NA,NA,NA,0,17,55,84,65,56,60,42,31,11,1,0,NA,NA,NA,NA,NA,NA,NA,NA,NA,NA,NA,NA,0,6,23,58,72,65,41,30,36,16,0,0,NA,NA,NA,NA,NA,NA,NA,NA,NA,NA,NA,NA,0,12,30,45,48,37,32,26,28,7,1,0,NA,NA,NA,NA,NA,NA,NA,NA,NA,NA,NA,NA,0,12,32,36,31,32,31,23,31,9,0,0,NA,NA,NA,NA,NA,NA,NA,NA,NA,NA,NA,NA,0,0,0,0,0,0,0,0,0,0,0,0,NA,NA,NA,NA,NA,1,1,1,1,1,1,1,1,
Coalinga,406 East Elm Avenue, Coalinga, CA,93210,NA,NA,NA,NA,NA,NA,NA,NA,NA,NA,NA,NA,NA,NA,NA,NA,NA,NA,NA,NA,NA,NA,NA,NA,NA,NA,NA,NA,NA,NA,NA,0,7,15,21,24,35,48,43,30,18,0,0,NA,NA,NA,NA,NA,NA,NA,NA,NA,NA,NA,NA,0,5,7,9,9,24,28,14,4,2,0,0,NA,NA,NA,NA,NA,NA,NA,NA,NA,NA,NA,NA,0,1,6,19,19,9,16,14,5,3,0,0,NA,NA,NA,NA,NA,NA,NA,NA,NA,NA,NA,NA,0,5,10,9,7,13,12,9,11,6,0,0,NA,NA,NA,NA,NA,NA,NA,NA,NA,NA,NA,NA,0,3,6,6,6,13,11,13,11,4,0,0,NA,NA,NA,NA,NA,NA,NA,NA,NA,NA,NA,NA,0,0,0,0,0,0,0,0,0,0,0,0,NA,NA,NA,NA,NA,1,1,1,1,1,1,1,1,
Compton,2111 South Santa Fe Avenue, Compton, CA,90221,NA,NA,NA,NA,NA,NA,NA,NA,NA,NA,NA,NA,NA,NA,NA,NA,NA,NA,NA,NA,NA,NA,NA,NA,NA,NA,NA,NA,NA,NA,NA,0,11,28,34,49,55,49,59,69,58,14,0,NA,NA,NA,NA,NA,NA,NA,NA,NA,NA,NA,NA,0,14,34,49,50,46,40,42,47,41,8,0,NA,NA,NA,NA,NA,NA,NA,NA,NA,NA,NA,NA,0,6,10,18,31,44,30,21,16,6,1,0,NA,NA,NA,NA,NA,NA,NA,NA,NA,NA,NA,NA,0,7,13,16,18,22,12,20,22,13,0,0,NA,NA,NA,NA,NA,NA,NA,NA,NA,NA,NA,NA,0,9,23,37,51,42,33,36,38,25,11,0,NA,NA,NA,NA,NA,NA,NA,NA,NA,NA,NA,NA,0,0,0,0,0,0,0,0,0,0,0,0,NA,NA,NA,NA,NA,1,1,1,1,1,1,1,1,
Concord,2070 Diamond Boulevard, Concord, CA,94520,NA,NA,NA,NA,NA,NA,NA,NA,NA,NA,NA,NA,NA,NA,NA,NA,NA,NA,NA,NA,NA,NA,NA,NA,NA,NA,NA,NA,NA,NA,NA,0,20,49,67,77,83,86,86,76,26,0,0,NA,NA,NA,NA,NA,NA,NA,NA,NA,NA,NA,NA,0,19,48,59,72,75,67,70,70,48,0,0,NA,NA,NA,NA,NA,NA,NA,NA,NA,NA,NA,NA,0,6,27,58,75,78,89,83,85,79,4,0,NA,NA,NA,NA,NA,NA,NA,NA,NA,NA,NA,NA,0,14,30,28,28,20,15,11,11,9,1,0,NA,NA,NA,NA,NA,NA,NA,NA,NA,NA,NA,NA,0,16,39,49,49,43,44,47,52,53,10,0,NA,NA,NA,NA,NA,NA,NA,NA,NA,NA,NA,NA,0,0,0,0,0,0,0,0,0,0,0,0,NA,NA,NA,NA,NA,1,1,1,1,1,1,1,1,
Corte Madera,75 Tamal Vista Boulevard, Corte Madera, CA,94925,NA,NA,NA,NA,NA,NA,NA,NA,NA,NA,NA,NA,NA,NA,NA,NA,NA,NA,NA,NA,NA,NA,NA,NA,NA,NA,NA,NA,NA,NA,NA,0,7,9,16,17,17,16,13,24,11,5,0,NA,NA,NA,NA,NA,NA,NA,NA,NA,NA,NA,NA,0,5,7,12,15,10,5,10,13,8,0,0,NA,NA,NA,NA,NA,NA,NA,NA,NA,NA,NA,NA,0,0,7,16,12,13,9,11,13,7,0,0,NA,NA,NA,NA,NA,NA,NA,NA,NA,NA,NA,NA,0,6,7,7,7,8,6,8,3,2,0,0,NA,NA,NA,NA,NA,NA,NA,NA,NA,NA,NA,NA,0,3,6,4,4,13,8,16,13,6,0,0,NA,NA,NA,NA,NA,NA,NA,NA,NA,NA,NA,NA,0,0,0,0,0,0,0,0,0,0,0,0,NA,NA,NA,NA,NA,1,1,1,1,1,1,1,1,
Costa Mesa,650 W 19th Street, Costa Mesa, CA,92627,NA,NA,NA,NA,NA,NA,NA,NA,NA,NA,NA,NA,NA,NA,NA,NA,NA,NA,NA,NA,NA,NA,NA,NA,NA,NA,NA,NA,NA,NA,NA,0,21,44,54,39,24,22,27,24,13,1,0,NA,NA,NA,NA,NA,NA,NA,NA,NA,NA,NA,NA,0,23,30,25,13,22,17,9,15,13,5,0,NA,NA,NA,NA,NA,NA,NA,NA,NA,NA,NA,NA,0,7,17,36,36,32,26,26,31,21,8,0,NA,NA,NA,NA,NA,NA,NA,NA,NA,NA,NA,NA,0,11,4,8,14,8,12,9,10,8,7,0,NA,NA,NA,NA,NA,NA,NA,NA,NA,NA,NA,NA,0,14,17,14,11,14,23,30,26,5,0,0,NA,NA,NA,NA,NA,NA,NA,NA,NA,NA,NA,NA,0,0,0,0,0,0,0,0,0,0,0,0,NA,NA,NA,NA,NA,1,1,1,1,1,1,1,1,
Crescent City,1475 Parkway Drive, Crescent City, CA,95531,NA,NA,NA,NA,NA,NA,NA,NA,NA,NA,NA,NA,NA,NA,NA,NA,NA,NA,NA,NA,NA,NA,NA,NA,NA,NA,NA,NA,NA,NA,NA,0,11,16,18,16,19,22,11,14,7,0,0,NA,NA,NA,NA,NA,NA,NA,NA,NA,NA,NA,NA,0,8,5,11,11,11,7,9,7,3,0,0,NA,NA,NA,NA,NA,NA,NA,NA,NA,NA,NA,NA,0,1,11,9,6,10,6,9,15,13,0,0,NA,NA,NA,NA,NA,NA,NA,NA,NA,NA,NA,NA,0,2,3,4,7,9,8,5,3,4,0,0,NA,NA,NA,NA,NA,NA,NA,NA,NA,NA,NA,NA,0,6,7,5,2,5,4,9,13,7,0,0,NA,NA,NA,NA,NA,NA,NA,NA,NA,NA,NA,NA,0,0,0,0,0,0,0,0,0,0,0,0,NA,NA,NA,NA,NA,1,1,1,1,1,1,1,1,
Culver City,11400 W Washington Blvd, Culver City, CA,90066,NA,NA,NA,NA,NA,NA,NA,NA,NA,NA,NA,NA,NA,NA,NA,NA,NA,NA,NA,NA,NA,NA,NA,NA,NA,NA,NA,NA,NA,NA,NA,0,12,27,37,41,37,33,25,33,27,3,0,NA,NA,NA,NA,NA,NA,NA,NA,NA,NA,NA,NA,0,16,43,55,54,53,41,34,27,17,1,0,NA,NA,NA,NA,NA,NA,NA,NA,NA,NA,NA,NA,0,6,19,32,39,40,31,34,33,24,0,0,NA,NA,NA,NA,NA,NA,NA,NA,NA,NA,NA,NA,0,11,26,37,37,31,21,24,23,14,4,0,NA,NA,NA,NA,NA,NA,NA,NA,NA,NA,NA,NA,0,11,26,32,32,32,26,21,18,15,2,0,NA,NA,NA,NA,NA,NA,NA,NA,NA,NA,NA,NA,0,0,0,0,0,0,0,0,0,0,0,0,NA,NA,NA,NA,NA,1,1,1,1,1,1,1,1,
Daly City,1500 Sullivan Avenue, Daly City, CA,94015,NA,NA,NA,NA,NA,NA,NA,NA,NA,NA,NA,NA,NA,NA,NA,NA,NA,NA,NA,NA,NA,NA,NA,NA,NA,NA,NA,NA,NA,NA,NA,0,8,23,36,27,14,12,11,17,15,1,0,NA,NA,NA,NA,NA,NA,NA,NA,NA,NA,NA,NA,0,8,22,27,27,19,19,10,11,10,1,0,NA,NA,NA,NA,NA,NA,NA,NA,NA,NA,NA,NA,0,6,16,17,19,13,13,14,19,17,1,0,NA,NA,NA,NA,NA,NA,NA,NA,NA,NA,NA,NA,0,8,18,7,3,2,3,9,10,14,1,0,NA,NA,NA,NA,NA,NA,NA,NA,NA,NA,NA,NA,0,9,21,19,19,11,11,9,16,10,2,0,NA,NA,NA,NA,NA,NA,NA,NA,NA,NA,NA,NA,0,0,0,0,0,0,0,0,0,0,0,0,NA,NA,NA,NA,NA,1,1,1,1,1,1,1,1,
Davis,505 Pole Line Road, Davis, CA,95616,NA,NA,NA,NA,NA,NA,NA,NA,NA,NA,NA,NA,NA,NA,NA,NA,NA,NA,NA,NA,NA,NA,NA,NA,NA,NA,NA,NA,NA,NA,NA,0,8,28,26,19,19,12,7,9,2,0,0,NA,NA,NA,NA,NA,NA,NA,NA,NA,NA,NA,NA,0,5,10,11,14,15,4,5,5,3,0,0,NA,NA,NA,NA,NA,NA,NA,NA,NA,NA,NA,NA,0,0,5,12,10,6,6,6,6,3,0,0,NA,NA,NA,NA,NA,NA,NA,NA,NA,NA,NA,NA,0,4,4,2,5,1,2,2,3,2,0,0,NA,NA,NA,NA,NA,NA,NA,NA,NA,NA,NA,NA,0,1,4,3,10,16,17,17,17,11,0,0,NA,NA,NA,NA,NA,NA,NA,NA,NA,NA,NA,NA,0,0,0,0,0,0,0,0,0,0,0,0,NA,NA,NA,NA,NA,1,1,1,1,1,1,1,1,
Delano,631 Jefferson Street, Delano, CA,93215,NA,NA,NA,NA,NA,NA,NA,NA,NA,NA,NA,NA,NA,NA,NA,NA,NA,NA,NA,NA,NA,NA,NA,NA,NA,NA,NA,NA,NA,NA,NA,0,8,35,48,50,53,60,52,45,29,1,0,NA,NA,NA,NA,NA,NA,NA,NA,NA,NA,NA,NA,0,8,30,41,39,43,39,48,33,14,0,0,NA,NA,NA,NA,NA,NA,NA,NA,NA,NA,NA,NA,0,4,16,40,42,40,38,53,45,22,0,0,NA,NA,NA,NA,NA,NA,NA,NA,NA,NA,NA,NA,0,9,28,23,16,18,24,21,17,16,0,0,NA,NA,NA,NA,NA,NA,NA,NA,NA,NA,NA,NA,0,8,29,32,23,18,17,25,13,9,0,0,NA,NA,NA,NA,NA,NA,NA,NA,NA,NA,NA,NA,0,0,0,0,0,0,0,0,0,0,0,0,NA,NA,NA,NA,NA,1,1,1,1,1,1,1,1,
El Cajon,1450 Graves Avenue, El Cajon, CA,92021,NA,NA,NA,NA,NA,NA,NA,NA,NA,NA,NA,NA,NA,NA,NA,NA,NA,NA,NA,NA,NA,NA,NA,NA,NA,NA,NA,NA,NA,NA,NA,0,11,22,30,32,57,45,20,20,10,1,0,NA,NA,NA,NA,NA,NA,NA,NA,NA,NA,NA,NA,0,9,14,14,19,38,23,10,19,10,1,0,NA,NA,NA,NA,NA,NA,NA,NA,NA,NA,NA,NA,0,3,13,29,33,55,42,19,21,10,0,0,NA,NA,NA,NA,NA,NA,NA,NA,NA,NA,NA,NA,0,6,15,18,19,30,17,10,17,8,1,0,NA,NA,NA,NA,NA,NA,NA,NA,NA,NA,NA,NA,0,5,15,25,35,48,41,26,29,10,1,0,NA,NA,NA,NA,NA,NA,NA,NA,NA,NA,NA,NA,0,0,0,0,0,0,0,0,0,0,0,0,NA,NA,NA,NA,NA,1,1,1,1,1,1,1,1,
El Centro,233 N Imperial Avenue, El Centro, CA,92243,NA,NA,NA,NA,NA,NA,NA,NA,NA,NA,NA,NA,NA,NA,NA,NA,NA,NA,NA,NA,NA,NA,NA,NA,NA,NA,NA,NA,NA,NA,NA,0,19,35,44,58,58,59,61,61,27,2,0,NA,NA,NA,NA,NA,NA,NA,NA,NA,NA,NA,NA,0,17,26,42,43,51,63,41,43,36,7,0,NA,NA,NA,NA,NA,NA,NA,NA,NA,NA,NA,NA,0,4,11,27,44,53,60,58,45,40,0,0,NA,NA,NA,NA,NA,NA,NA,NA,NA,NA,NA,NA,0,13,15,17,30,30,30,17,20,20,3,0,NA,NA,NA,NA,NA,NA,NA,NA,NA,NA,NA,NA,0,13,18,18,18,16,21,35,32,35,2,0,NA,NA,NA,NA,NA,NA,NA,NA,NA,NA,NA,NA,0,0,0,0,0,0,0,0,0,0,0,0,NA,NA,NA,NA,NA,1,1,1,1,1,1,1,1,
El Cerrito,6400 Manila Avenue, El Cerrito, CA,94530,NA,NA,NA,NA,NA,NA,NA,NA,NA,NA,NA,NA,NA,NA,NA,NA,NA,NA,NA,NA,NA,NA,NA,NA,NA,NA,NA,NA,NA,NA,NA,0,11,29,46,58,46,37,37,50,22,0,0,NA,NA,NA,NA,NA,NA,NA,NA,NA,NA,NA,NA,0,10,29,37,33,20,17,21,23,9,0,0,NA,NA,NA,NA,NA,NA,NA,NA,NA,NA,NA,NA,0,3,14,32,32,32,28,22,25,7,0,0,NA,NA,NA,NA,NA,NA,NA,NA,NA,NA,NA,NA,0,6,5,5,8,7,12,18,17,5,0,0,NA,NA,NA,NA,NA,NA,NA,NA,NA,NA,NA,NA,0,6,8,12,12,11,13,20,29,14,0,0,NA,NA,NA,NA,NA,NA,NA,NA,NA,NA,NA,NA,0,0,0,0,0,0,0,0,0,0,0,0,NA,NA,NA,NA,NA,1,1,1,1,1,1,1,1,
Eureka,3300 Broadway St, Eureka, CA,95501,NA,NA,NA,NA,NA,NA,NA,NA,NA,NA,NA,NA,NA,NA,NA,NA,NA,NA,NA,NA,NA,NA,NA,NA,NA,NA,NA,NA,NA,NA,NA,0,5,10,7,15,13,10,12,9,5,0,0,NA,NA,NA,NA,NA,NA,NA,NA,NA,NA,NA,NA,0,2,4,3,8,11,7,9,2,4,0,0,NA,NA,NA,NA,NA,NA,NA,NA,NA,NA,NA,NA,0,1,6,7,9,8,5,11,4,3,0,0,NA,NA,NA,NA,NA,NA,NA,NA,NA,NA,NA,NA,0,3,2,2,6,7,5,4,4,2,0,0,NA,NA,NA,NA,NA,NA,NA,NA,NA,NA,NA,NA,0,4,4,2,7,6,4,6,5,3,0,0,NA,NA,NA,NA,NA,NA,NA,NA,NA,NA,NA,NA,0,0,0,0,0,0,0,0,0,0,0,0,NA,NA,NA,NA,NA,1,1,1,1,1,1,1,1,
Fairfield,160 Serrano Drive, Fairfield, CA,94533,NA,NA,NA,NA,NA,NA,NA,NA,NA,NA,NA,NA,NA,NA,NA,NA,NA,NA,NA,NA,NA,NA,NA,NA,NA,NA,NA,NA,NA,NA,NA,0,9,27,37,34,29,33,23,24,16,3,0,NA,NA,NA,NA,NA,NA,NA,NA,NA,NA,NA,NA,0,8,6,9,8,16,18,13,17,11,0,0,NA,NA,NA,NA,NA,NA,NA,NA,NA,NA,NA,NA,0,2,8,25,22,24,21,10,11,8,3,0,NA,NA,NA,NA,NA,NA,NA,NA,NA,NA,NA,NA,0,4,2,4,4,6,10,7,13,9,0,0,NA,NA,NA,NA,NA,NA,NA,NA,NA,NA,NA,NA,0,5,6,5,4,11,11,12,8,3,0,0,NA,NA,NA,NA,NA,NA,NA,NA,NA,NA,NA,NA,0,0,0,0,0,0,0,0,0,0,0,0,NA,NA,NA,NA,NA,1,1,1,1,1,1,1,1,
Fall River Mills,43467 Hwy 299E, Fall River Mills, CA,96028,NA,NA,NA,NA,NA,NA,NA,NA,NA,NA,NA,NA,NA,NA,NA,NA,NA,NA,NA,NA,NA,NA,NA,NA,NA,NA,NA,NA,NA,NA,NA,0,2,3,2,2,0,2,3,2,1,0,0,NA,NA,NA,NA,NA,NA,NA,NA,NA,NA,NA,NA,0,2,2,2,3,0,2,2,1,1,0,0,NA,NA,NA,NA,NA,NA,NA,NA,NA,NA,NA,NA,0,0,1,1,2,0,2,6,7,1,0,0,NA,NA,NA,NA,NA,NA,NA,NA,NA,NA,NA,NA,0,1,1,1,1,0,3,3,9,10,0,0,NA,NA,NA,NA,NA,NA,NA,NA,NA,NA,NA,NA,0,1,3,2,1,0,3,2,1,0,0,0,NA,NA,NA,NA,NA,NA,NA,NA,NA,NA,NA,NA,0,0,0,0,0,0,0,0,0,0,0,0,NA,NA,NA,NA,NA,1,1,1,1,1,1,1,1,
Folsom,323 E Bidwell A, Folsom, CA,95630,NA,NA,NA,NA,NA,NA,NA,NA,NA,NA,NA,NA,NA,NA,NA,NA,NA,NA,NA,NA,NA,NA,NA,NA,NA,NA,NA,NA,NA,NA,NA,0,15,50,68,74,76,75,75,61,47,2,0,NA,NA,NA,NA,NA,NA,NA,NA,NA,NA,NA,NA,0,16,36,49,51,46,40,30,34,26,7,0,NA,NA,NA,NA,NA,NA,NA,NA,NA,NA,NA,NA,0,5,15,32,44,52,54,41,44,21,0,0,NA,NA,NA,NA,NA,NA,NA,NA,NA,NA,NA,NA,0,9,20,23,25,22,18,18,17,11,0,0,NA,NA,NA,NA,NA,NA,NA,NA,NA,NA,NA,NA,0,11,26,26,24,25,24,20,21,13,0,0,NA,NA,NA,NA,NA,NA,NA,NA,NA,NA,NA,NA,0,0,0,0,0,0,0,0,0,0,0,0,NA,NA,NA,NA,NA,1,1,1,1,1,1,1,1,
Fontana Commercial Drive Test Center,10207 Poplar Ave, Fontana, CA,92335,NA,NA,NA,NA,NA,NA,NA,NA,NA,NA,NA,NA,NA,NA,NA,NA,NA,NA,NA,NA,NA,NA,NA,NA,NA,NA,NA,NA,NA,NA,NA,13,17,26,32,45,65,51,26,15,2,0,0,NA,NA,NA,NA,NA,NA,NA,NA,NA,NA,NA,NA,7,14,13,6,11,20,9,3,4,0,0,0,NA,NA,NA,NA,NA,NA,NA,NA,NA,NA,NA,NA,1,16,35,34,22,29,19,14,6,1,0,0,NA,NA,NA,NA,NA,NA,NA,NA,NA,NA,NA,NA,5,11,9,5,10,24,28,28,22,2,0,0,NA,NA,NA,NA,NA,NA,NA,NA,NA,NA,NA,NA,8,11,5,5,8,16,25,21,8,1,0,0,NA,NA,NA,NA,NA,NA,NA,NA,NA,NA,NA,NA,0,0,0,0,0,0,0,0,0,0,0,0,NA,NA,NA,NA,NA,NA,NA,NA,NA,1,1,NA,1,
Fontana,8026 Hemlock Ave, Fontana, CA,92336,NA,NA,NA,NA,NA,NA,NA,NA,NA,NA,NA,NA,NA,NA,NA,NA,NA,NA,NA,NA,NA,NA,NA,NA,NA,NA,NA,NA,NA,NA,NA,0,17,36,45,33,50,53,53,32,14,2,0,NA,NA,NA,NA,NA,NA,NA,NA,NA,NA,NA,NA,0,19,22,19,15,21,26,27,24,8,2,0,NA,NA,NA,NA,NA,NA,NA,NA,NA,NA,NA,NA,0,6,11,23,15,22,30,23,21,8,3,0,NA,NA,NA,NA,NA,NA,NA,NA,NA,NA,NA,NA,0,8,5,6,8,12,22,23,15,4,1,0,NA,NA,NA,NA,NA,NA,NA,NA,NA,NA,NA,NA,0,15,21,16,12,15,28,36,36,9,1,0,NA,NA,NA,NA,NA,NA,NA,NA,NA,NA,NA,NA,0,0,0,0,0,0,0,0,0,0,0,0,NA,NA,NA,NA,NA,1,1,1,1,1,1,1,1,
Fort Bragg,410 S Franklin Street, Fort Bragg, CA,95437,NA,NA,NA,NA,NA,NA,NA,NA,NA,NA,NA,NA,NA,NA,NA,NA,NA,NA,NA,NA,NA,NA,NA,NA,NA,NA,NA,NA,NA,NA,NA,0,9,16,14,13,13,9,12,10,6,3,0,NA,NA,NA,NA,NA,NA,NA,NA,NA,NA,NA,NA,0,2,6,7,7,6,10,12,15,4,0,0,NA,NA,NA,NA,NA,NA,NA,NA,NA,NA,NA,NA,0,1,6,10,12,7,7,11,5,2,0,0,NA,NA,NA,NA,NA,NA,NA,NA,NA,NA,NA,NA,0,3,4,6,5,4,7,3,2,8,2,0,NA,NA,NA,NA,NA,NA,NA,NA,NA,NA,NA,NA,0,2,3,7,11,8,12,8,10,4,0,0,NA,NA,NA,NA,NA,NA,NA,NA,NA,NA,NA,NA,0,0,0,0,0,0,0,0,0,0,0,0,NA,NA,NA,NA,NA,1,1,1,1,1,1,1,1,
Fremont,4287 Central Avenue, Fremont, CA,94536,NA,NA,NA,NA,NA,NA,NA,NA,NA,NA,NA,NA,NA,NA,NA,NA,NA,NA,NA,NA,NA,NA,NA,NA,NA,NA,NA,NA,NA,NA,NA,0,10,14,16,13,13,4,6,10,2,0,0,NA,NA,NA,NA,NA,NA,NA,NA,NA,NA,NA,NA,0,5,5,6,6,7,6,5,12,4,0,0,NA,NA,NA,NA,NA,NA,NA,NA,NA,NA,NA,NA,0,1,6,9,4,3,3,7,11,2,0,0,NA,NA,NA,NA,NA,NA,NA,NA,NA,NA,NA,NA,0,2,2,2,3,3,4,3,5,2,0,0,NA,NA,NA,NA,NA,NA,NA,NA,NA,NA,NA,NA,0,7,3,3,4,4,4,9,6,3,0,0,NA,NA,NA,NA,NA,NA,NA,NA,NA,NA,NA,NA,0,0,0,0,0,0,0,0,0,0,0,0,NA,NA,NA,NA,NA,1,1,1,1,1,1,1,1,
Fresno Commercial Drive Test Center,735 E North Ave, Fresno, CA,93725,NA,NA,NA,NA,NA,NA,NA,NA,NA,NA,NA,NA,NA,NA,NA,NA,NA,NA,NA,NA,NA,NA,NA,NA,NA,NA,NA,NA,NA,NA,NA,4,15,21,11,18,23,22,20,13,1,0,0,NA,NA,NA,NA,NA,NA,NA,NA,NA,NA,NA,NA,4,12,8,9,16,17,25,14,11,0,0,0,NA,NA,NA,NA,NA,NA,NA,NA,NA,NA,NA,NA,1,10,16,13,13,17,14,9,7,0,0,0,NA,NA,NA,NA,NA,NA,NA,NA,NA,NA,NA,NA,4,7,10,6,9,14,12,5,6,0,0,0,NA,NA,NA,NA,NA,NA,NA,NA,NA,NA,NA,NA,3,12,18,11,15,14,15,14,7,0,0,0,NA,NA,NA,NA,NA,NA,NA,NA,NA,NA,NA,NA,0,0,0,0,0,0,0,0,0,0,0,0,NA,NA,NA,NA,NA,NA,NA,NA,NA,1,1,NA,1,
Fresno North,6420 N Blackstone Avenue, Fresno, CA,93710,NA,NA,NA,NA,NA,NA,NA,NA,NA,NA,NA,NA,NA,NA,NA,NA,NA,NA,NA,NA,NA,NA,NA,NA,NA,NA,NA,NA,NA,NA,NA,0,12,34,56,71,64,53,55,56,42,4,0,NA,NA,NA,NA,NA,NA,NA,NA,NA,NA,NA,NA,1,18,36,62,79,73,56,38,43,40,2,0,NA,NA,NA,NA,NA,NA,NA,NA,NA,NA,NA,NA,0,5,16,37,51,58,49,30,35,17,0,0,NA,NA,NA,NA,NA,NA,NA,NA,NA,NA,NA,NA,0,9,20,34,33,25,36,39,32,11,0,0,NA,NA,NA,NA,NA,NA,NA,NA,NA,NA,NA,NA,0,10,22,37,38,41,36,30,36,25,2,0,NA,NA,NA,NA,NA,NA,NA,NA,NA,NA,NA,NA,0,0,0,0,0,0,0,0,0,0,0,0,NA,NA,NA,NA,NA,1,1,1,1,1,1,1,1,
Fresno,655 W Olive Avenue, Fresno, CA,93728,NA,NA,NA,NA,NA,NA,NA,NA,NA,NA,NA,NA,NA,NA,NA,NA,NA,NA,NA,NA,NA,NA,NA,NA,NA,NA,NA,NA,NA,NA,NA,0,12,26,46,34,50,38,44,39,21,1,0,NA,NA,NA,NA,NA,NA,NA,NA,NA,NA,NA,NA,0,15,29,35,31,41,33,35,27,18,2,0,NA,NA,NA,NA,NA,NA,NA,NA,NA,NA,NA,NA,0,6,24,44,32,39,40,39,41,17,0,0,NA,NA,NA,NA,NA,NA,NA,NA,NA,NA,NA,NA,0,12,39,36,27,34,34,20,28,16,0,0,NA,NA,NA,NA,NA,NA,NA,NA,NA,NA,NA,NA,0,12,27,36,31,35,30,30,28,15,0,0,NA,NA,NA,NA,NA,NA,NA,NA,NA,NA,NA,NA,0,0,0,0,0,0,0,0,0,0,0,0,NA,NA,NA,NA,NA,1,1,1,1,1,1,1,1,
Fullerton,909 W Valencia Drive, Fullerton, CA,92832,NA,NA,NA,NA,NA,NA,NA,NA,NA,NA,NA,NA,NA,NA,NA,NA,NA,NA,NA,NA,NA,NA,NA,NA,NA,NA,NA,NA,NA,NA,NA,0,20,18,26,31,41,41,37,35,12,0,0,NA,NA,NA,NA,NA,NA,NA,NA,NA,NA,NA,NA,0,21,15,16,18,24,30,20,23,8,4,0,NA,NA,NA,NA,NA,NA,NA,NA,NA,NA,NA,NA,0,6,11,13,17,27,29,19,22,3,0,0,NA,NA,NA,NA,NA,NA,NA,NA,NA,NA,NA,NA,0,12,9,11,9,14,17,11,10,3,1,0,NA,NA,NA,NA,NA,NA,NA,NA,NA,NA,NA,NA,0,11,7,9,10,12,14,16,10,5,0,0,NA,NA,NA,NA,NA,NA,NA,NA,NA,NA,NA,NA,0,0,0,0,0,0,0,0,0,0,0,0,NA,NA,NA,NA,NA,1,1,1,1,1,1,1,1,
Garberville,1180 Evergreen Rd, Redway, CA,95560,NA,NA,NA,NA,NA,NA,NA,NA,NA,NA,NA,NA,NA,NA,NA,NA,NA,NA,NA,NA,NA,NA,NA,NA,NA,NA,NA,NA,NA,NA,NA,0,1,4,9,18,10,4,10,26,10,0,0,NA,NA,NA,NA,NA,NA,NA,NA,NA,NA,NA,NA,0,1,1,7,4,0,6,23,22,4,0,0,NA,NA,NA,NA,NA,NA,NA,NA,NA,NA,NA,NA,0,0,3,11,9,0,2,4,11,4,0,0,NA,NA,NA,NA,NA,NA,NA,NA,NA,NA,NA,NA,0,0,2,3,5,0,2,3,6,3,0,0,NA,NA,NA,NA,NA,NA,NA,NA,NA,NA,NA,NA,0,1,1,2,3,0,1,4,8,3,0,0,NA,NA,NA,NA,NA,NA,NA,NA,NA,NA,NA,NA,0,0,0,0,0,0,0,0,0,0,0,0,NA,NA,NA,NA,NA,1,1,1,1,1,1,1,1,
Gilroy,6984 Automall Parkway Suite A, Gilroy, CA,95020,NA,NA,NA,NA,NA,NA,NA,NA,NA,NA,NA,NA,NA,NA,NA,NA,NA,NA,NA,NA,NA,NA,NA,NA,NA,NA,NA,NA,NA,NA,NA,0,3,10,7,10,11,11,8,6,2,0,0,NA,NA,NA,NA,NA,NA,NA,NA,NA,NA,NA,NA,0,5,4,5,8,6,5,4,10,3,0,0,NA,NA,NA,NA,NA,NA,NA,NA,NA,NA,NA,NA,0,1,5,6,7,4,5,5,6,1,0,0,NA,NA,NA,NA,NA,NA,NA,NA,NA,NA,NA,NA,0,2,2,4,5,2,2,2,4,1,0,0,NA,NA,NA,NA,NA,NA,NA,NA,NA,NA,NA,NA,0,2,5,4,8,6,4,5,6,6,0,0,NA,NA,NA,NA,NA,NA,NA,NA,NA,NA,NA,NA,0,0,0,0,0,0,0,0,0,0,0,0,NA,NA,NA,NA,NA,1,1,1,1,1,1,1,1,
Glendale,1335 W Glenoaks Boulevard, Glendale, CA,91201,NA,NA,NA,NA,NA,NA,NA,NA,NA,NA,NA,NA,NA,NA,NA,NA,NA,NA,NA,NA,NA,NA,NA,NA,NA,NA,NA,NA,NA,NA,NA,0,14,37,46,36,44,38,33,38,25,7,0,NA,NA,NA,NA,NA,NA,NA,NA,NA,NA,NA,NA,0,16,49,58,37,39,42,37,46,26,5,0,NA,NA,NA,NA,NA,NA,NA,NA,NA,NA,NA,NA,0,7,22,48,38,34,41,42,38,22,4,0,NA,NA,NA,NA,NA,NA,NA,NA,NA,NA,NA,NA,0,15,41,45,31,40,41,29,29,22,5,1,NA,NA,NA,NA,NA,NA,NA,NA,NA,NA,NA,NA,0,12,32,38,29,38,36,33,32,24,8,0,NA,NA,NA,NA,NA,NA,NA,NA,NA,NA,NA,NA,0,0,0,0,0,0,0,0,0,0,0,0,NA,NA,NA,NA,NA,1,1,1,1,1,1,1,1,
Goleta,7127 Hollister Avenue Suite 24/26, Goleta, CA,93117,NA,NA,NA,NA,NA,NA,NA,NA,NA,NA,NA,NA,NA,NA,NA,NA,NA,NA,NA,NA,NA,NA,NA,NA,NA,NA,NA,NA,NA,NA,NA,0,11,24,17,23,25,23,17,21,18,0,0,NA,NA,NA,NA,NA,NA,NA,NA,NA,NA,NA,NA,0,12,21,21,25,22,29,24,28,19,2,0,NA,NA,NA,NA,NA,NA,NA,NA,NA,NA,NA,NA,0,5,20,29,27,23,23,23,24,16,2,0,NA,NA,NA,NA,NA,NA,NA,NA,NA,NA,NA,NA,0,7,18,19,12,13,19,7,9,10,0,0,NA,NA,NA,NA,NA,NA,NA,NA,NA,NA,NA,NA,0,8,12,20,16,16,11,16,22,11,2,0,NA,NA,NA,NA,NA,NA,NA,NA,NA,NA,NA,NA,0,0,0,0,0,0,0,0,0,0,0,0,NA,NA,NA,NA,NA,1,1,1,1,1,1,1,1,
Grass Valley,890 Sutton Way, Grass Valley, CA,95945,NA,NA,NA,NA,NA,NA,NA,NA,NA,NA,NA,NA,NA,NA,NA,NA,NA,NA,NA,NA,NA,NA,NA,NA,NA,NA,NA,NA,NA,NA,NA,0,14,17,10,18,14,14,23,21,4,0,0,NA,NA,NA,NA,NA,NA,NA,NA,NA,NA,NA,NA,0,4,6,4,10,7,12,8,11,5,0,0,NA,NA,NA,NA,NA,NA,NA,NA,NA,NA,NA,NA,0,1,7,14,13,12,16,9,7,4,0,0,NA,NA,NA,NA,NA,NA,NA,NA,NA,NA,NA,NA,0,3,7,12,9,10,9,12,13,6,0,0,NA,NA,NA,NA,NA,NA,NA,NA,NA,NA,NA,NA,0,4,10,11,7,6,12,14,15,6,0,0,NA,NA,NA,NA,NA,NA,NA,NA,NA,NA,NA,NA,0,0,0,0,0,0,0,0,0,0,0,0,NA,NA,NA,NA,NA,1,1,1,1,1,1,1,1,
Hanford,701 W Hanford Armona Road (corner of W Armona), Hanford, CA,93230,NA,NA,NA,NA,NA,NA,NA,NA,NA,NA,NA,NA,NA,NA,NA,NA,NA,NA,NA,NA,NA,NA,NA,NA,NA,NA,NA,NA,NA,NA,NA,0,15,49,64,65,72,54,48,41,33,0,0,NA,NA,NA,NA,NA,NA,NA,NA,NA,NA,NA,NA,0,17,46,47,38,42,38,32,35,15,0,0,NA,NA,NA,NA,NA,NA,NA,NA,NA,NA,NA,NA,0,7,29,50,43,42,41,31,33,15,0,0,NA,NA,NA,NA,NA,NA,NA,NA,NA,NA,NA,NA,0,10,36,39,29,20,26,30,38,19,0,0,NA,NA,NA,NA,NA,NA,NA,NA,NA,NA,NA,NA,0,9,20,30,32,41,24,17,21,13,0,0,NA,NA,NA,NA,NA,NA,NA,NA,NA,NA,NA,NA,0,0,0,0,0,0,0,0,0,0,0,0,NA,NA,NA,NA,NA,1,1,1,1,1,1,1,1,
Hawthorne,3700 W El Segundo Boulevard, Hawthorne, CA,90250,NA,NA,NA,NA,NA,NA,NA,NA,NA,NA,NA,NA,NA,NA,NA,NA,NA,NA,NA,NA,NA,NA,NA,NA,NA,NA,NA,NA,NA,NA,NA,0,12,38,64,36,20,19,18,34,18,0,0,NA,NA,NA,NA,NA,NA,NA,NA,NA,NA,NA,NA,0,15,26,39,27,21,31,28,29,14,1,0,NA,NA,NA,NA,NA,NA,NA,NA,NA,NA,NA,NA,0,6,24,44,39,32,23,29,42,20,0,0,NA,NA,NA,NA,NA,NA,NA,NA,NA,NA,NA,NA,0,12,22,30,28,12,9,12,16,11,2,0,NA,NA,NA,NA,NA,NA,NA,NA,NA,NA,NA,NA,0,12,27,38,24,16,17,19,19,16,3,0,NA,NA,NA,NA,NA,NA,NA,NA,NA,NA,NA,NA,0,0,0,0,0,0,0,0,0,0,0,0,NA,NA,NA,NA,NA,1,1,1,1,1,1,1,1,
Hayward,150 Jackson Street, Hayward, CA,94544,NA,NA,NA,NA,NA,NA,NA,NA,NA,NA,NA,NA,NA,NA,NA,NA,NA,NA,NA,NA,NA,NA,NA,NA,NA,NA,NA,NA,NA,NA,NA,0,6,15,18,22,18,20,18,25,10,0,0,NA,NA,NA,NA,NA,NA,NA,NA,NA,NA,NA,NA,0,7,15,9,10,8,15,19,19,6,0,0,NA,NA,NA,NA,NA,NA,NA,NA,NA,NA,NA,NA,0,4,8,15,15,6,12,19,13,3,0,0,NA,NA,NA,NA,NA,NA,NA,NA,NA,NA,NA,NA,0,5,4,2,2,4,7,9,9,7,0,0,NA,NA,NA,NA,NA,NA,NA,NA,NA,NA,NA,NA,0,7,25,26,20,20,20,25,27,8,0,0,NA,NA,NA,NA,NA,NA,NA,NA,NA,NA,NA,NA,0,0,0,0,0,0,0,0,0,0,0,0,NA,NA,NA,NA,NA,1,1,1,1,1,1,1,1,
Hemet,1200 S State St, Hemet, CA,92543,NA,NA,NA,NA,NA,NA,NA,NA,NA,NA,NA,NA,NA,NA,NA,NA,NA,NA,NA,NA,NA,NA,NA,NA,NA,NA,NA,NA,NA,NA,NA,0,13,39,67,76,84,72,52,42,30,14,0,NA,NA,NA,NA,NA,NA,NA,NA,NA,NA,NA,NA,0,13,33,43,39,40,32,35,42,28,0,0,NA,NA,NA,NA,NA,NA,NA,NA,NA,NA,NA,NA,0,4,14,28,39,44,37,29,32,18,0,0,NA,NA,NA,NA,NA,NA,NA,NA,NA,NA,NA,NA,0,10,30,34,23,25,25,19,19,12,3,0,NA,NA,NA,NA,NA,NA,NA,NA,NA,NA,NA,NA,0,10,33,50,49,52,50,48,39,12,1,0,NA,NA,NA,NA,NA,NA,NA,NA,NA,NA,NA,NA,0,0,0,0,0,0,0,0,0,0,0,0,NA,NA,NA,NA,NA,1,1,1,1,1,1,1,1,
Hollister,80 N Sally Street, Hollister, CA,95023,NA,NA,NA,NA,NA,NA,NA,NA,NA,NA,NA,NA,NA,NA,NA,NA,NA,NA,NA,NA,NA,NA,NA,NA,NA,NA,NA,NA,NA,NA,NA,0,4,8,11,11,15,13,10,20,6,0,0,NA,NA,NA,NA,NA,NA,NA,NA,NA,NA,NA,NA,0,7,12,16,14,10,11,7,3,2,0,0,NA,NA,NA,NA,NA,NA,NA,NA,NA,NA,NA,NA,0,1,5,8,9,10,12,14,14,5,0,0,NA,NA,NA,NA,NA,NA,NA,NA,NA,NA,NA,NA,0,6,10,11,14,13,16,16,16,7,0,0,NA,NA,NA,NA,NA,NA,NA,NA,NA,NA,NA,NA,0,6,12,9,15,21,10,8,13,3,0,0,NA,NA,NA,NA,NA,NA,NA,NA,NA,NA,NA,NA,0,0,0,0,0,0,0,0,0,0,0,0,NA,NA,NA,NA,NA,1,1,1,1,1,1,1,1,
Hollywood,803 Cole Avenue, Hollywood, CA,90038,NA,NA,NA,NA,NA,NA,NA,NA,NA,NA,NA,NA,NA,NA,NA,NA,NA,NA,NA,NA,NA,NA,NA,NA,NA,NA,NA,NA,NA,NA,NA,0,14,45,91,95,103,91,77,61,34,0,0,NA,NA,NA,NA,NA,NA,NA,NA,NA,NA,NA,NA,0,15,49,72,72,76,75,68,64,29,2,0,NA,NA,NA,NA,NA,NA,NA,NA,NA,NA,NA,NA,0,6,24,55,64,89,84,68,61,21,0,0,NA,NA,NA,NA,NA,NA,NA,NA,NA,NA,NA,NA,0,9,26,46,35,48,58,58,42,19,1,0,NA,NA,NA,NA,NA,NA,NA,NA,NA,NA,NA,NA,0,15,36,55,53,64,54,63,46,22,0,0,NA,NA,NA,NA,NA,NA,NA,NA,NA,NA,NA,NA,0,0,0,0,0,0,0,0,0,0,0,0,NA,NA,NA,NA,NA,NA,1,NA,NA,1,1,NA,1,
Indio,44480 Jackson St, Indio, CA,92201,NA,NA,NA,NA,NA,NA,NA,NA,NA,NA,NA,NA,NA,NA,NA,NA,NA,NA,NA,NA,NA,NA,NA,NA,NA,NA,NA,NA,NA,NA,NA,0,6,10,17,18,26,36,33,33,14,2,0,NA,NA,NA,NA,NA,NA,NA,NA,NA,NA,NA,NA,0,11,14,24,37,30,25,23,21,12,3,0,NA,NA,NA,NA,NA,NA,NA,NA,NA,NA,NA,NA,0,2,9,17,20,14,28,27,16,9,1,0,NA,NA,NA,NA,NA,NA,NA,NA,NA,NA,NA,NA,0,4,4,5,5,11,12,7,9,8,1,0,NA,NA,NA,NA,NA,NA,NA,NA,NA,NA,NA,NA,0,6,6,12,9,6,14,20,22,14,1,0,NA,NA,NA,NA,NA,NA,NA,NA,NA,NA,NA,NA,0,0,0,0,0,0,0,0,0,0,0,0,NA,NA,NA,NA,NA,1,1,1,1,1,1,1,1,
Inglewood,621 N La Brea Ave, Inglewood, CA,90302,NA,NA,NA,NA,NA,NA,NA,NA,NA,NA,NA,NA,NA,NA,NA,NA,NA,NA,NA,NA,NA,NA,NA,NA,NA,NA,NA,NA,NA,NA,NA,0,3,10,12,8,14,9,11,10,3,7,0,NA,NA,NA,NA,NA,NA,NA,NA,NA,NA,NA,NA,0,4,8,6,6,3,9,6,11,4,0,0,NA,NA,NA,NA,NA,NA,NA,NA,NA,NA,NA,NA,0,2,10,8,9,12,6,10,10,3,0,0,NA,NA,NA,NA,NA,NA,NA,NA,NA,NA,NA,NA,0,4,9,10,8,13,11,8,6,3,0,0,NA,NA,NA,NA,NA,NA,NA,NA,NA,NA,NA,NA,0,5,10,11,9,10,12,13,16,8,5,5,NA,NA,NA,NA,NA,NA,NA,NA,NA,NA,NA,NA,0,0,0,0,0,0,0,0,0,0,0,0,NA,NA,NA,NA,NA,1,1,1,1,1,1,1,1,
King City,101 E San Antonio Dr, King City, CA,93930,NA,NA,NA,NA,NA,NA,NA,NA,NA,NA,NA,NA,NA,NA,NA,NA,NA,NA,NA,NA,NA,NA,NA,NA,NA,NA,NA,NA,NA,NA,NA,0,8,15,29,28,26,26,17,13,6,0,0,NA,NA,NA,NA,NA,NA,NA,NA,NA,NA,NA,NA,0,13,16,12,13,15,20,15,13,9,0,0,NA,NA,NA,NA,NA,NA,NA,NA,NA,NA,NA,NA,0,3,10,16,23,21,18,21,21,4,0,0,NA,NA,NA,NA,NA,NA,NA,NA,NA,NA,NA,NA,0,5,7,7,11,8,10,10,12,6,0,0,NA,NA,NA,NA,NA,NA,NA,NA,NA,NA,NA,NA,0,8,10,8,15,10,15,13,9,7,0,0,NA,NA,NA,NA,NA,NA,NA,NA,NA,NA,NA,NA,0,0,0,0,0,0,0,0,0,0,0,0,NA,NA,NA,NA,NA,1,1,1,1,1,1,1,1,
Laguna Hills,23535 Moulton Parkway, Laguna Hills, CA,92653,NA,NA,NA,NA,NA,NA,NA,NA,NA,NA,NA,NA,NA,NA,NA,NA,NA,NA,NA,NA,NA,NA,NA,NA,NA,NA,NA,NA,NA,NA,NA,0,23,46,56,43,42,45,35,33,13,1,0,NA,NA,NA,NA,NA,NA,NA,NA,NA,NA,NA,NA,1,20,40,45,40,42,40,39,33,20,1,0,NA,NA,NA,NA,NA,NA,NA,NA,NA,NA,NA,NA,0,10,31,43,42,40,37,26,24,14,1,0,NA,NA,NA,NA,NA,NA,NA,NA,NA,NA,NA,NA,0,15,25,26,18,17,13,18,23,21,2,0,NA,NA,NA,NA,NA,NA,NA,NA,NA,NA,NA,NA,0,13,28,39,28,13,12,14,25,9,0,0,NA,NA,NA,NA,NA,NA,NA,NA,NA,NA,NA,NA,0,0,0,0,0,0,0,0,0,0,0,0,NA,NA,NA,NA,NA,1,1,1,1,1,1,1,1,
Lake Isabella,5520 Lake Isabella Road G-1, Lake Isabella, CA,93240,NA,NA,NA,NA,NA,NA,NA,NA,NA,NA,NA,NA,NA,NA,NA,NA,NA,NA,NA,NA,NA,NA,NA,NA,NA,NA,NA,NA,NA,NA,NA,0,3,4,11,12,6,8,8,3,1,0,0,NA,NA,NA,NA,NA,NA,NA,NA,NA,NA,NA,NA,0,2,2,1,4,4,4,6,2,1,0,0,NA,NA,NA,NA,NA,NA,NA,NA,NA,NA,NA,NA,0,1,4,4,5,3,3,4,3,4,1,0,NA,NA,NA,NA,NA,NA,NA,NA,NA,NA,NA,NA,0,1,1,3,2,4,4,8,5,1,0,0,NA,NA,NA,NA,NA,NA,NA,NA,NA,NA,NA,NA,0,2,3,3,2,2,1,1,3,1,0,0,NA,NA,NA,NA,NA,NA,NA,NA,NA,NA,NA,NA,0,0,0,0,0,0,0,0,0,0,0,0,NA,NA,NA,NA,NA,1,1,1,1,1,1,1,1,
Lakeport,965 Parallel Drive, Lakeport, CA,95453,NA,NA,NA,NA,NA,NA,NA,NA,NA,NA,NA,NA,NA,NA,NA,NA,NA,NA,NA,NA,NA,NA,NA,NA,NA,NA,NA,NA,NA,NA,NA,0,9,26,28,36,35,30,34,29,21,0,0,NA,NA,NA,NA,NA,NA,NA,NA,NA,NA,NA,NA,0,7,20,26,31,24,26,35,32,14,0,0,NA,NA,NA,NA,NA,NA,NA,NA,NA,NA,NA,NA,0,3,19,34,39,39,24,31,37,23,0,0,NA,NA,NA,NA,NA,NA,NA,NA,NA,NA,NA,NA,0,5,12,10,6,10,6,10,17,6,0,0,NA,NA,NA,NA,NA,NA,NA,NA,NA,NA,NA,NA,0,5,12,17,29,25,20,18,24,19,0,0,NA,NA,NA,NA,NA,NA,NA,NA,NA,NA,NA,NA,0,0,0,0,0,0,0,0,0,0,0,0,NA,NA,NA,NA,NA,1,1,1,1,1,1,1,1,
Lancaster,721 W Ave L6, Lancaster, CA,93535,NA,NA,NA,NA,NA,NA,NA,NA,NA,NA,NA,NA,NA,NA,NA,NA,NA,NA,NA,NA,NA,NA,NA,NA,NA,NA,NA,NA,NA,NA,NA,0,14,45,71,68,41,45,42,48,23,1,0,NA,NA,NA,NA,NA,NA,NA,NA,NA,NA,NA,NA,0,11,37,44,39,25,29,25,35,21,1,0,NA,NA,NA,NA,NA,NA,NA,NA,NA,NA,NA,NA,0,5,20,38,32,27,30,27,33,9,0,0,NA,NA,NA,NA,NA,NA,NA,NA,NA,NA,NA,NA,0,8,28,39,29,27,26,27,21,10,0,0,NA,NA,NA,NA,NA,NA,NA,NA,NA,NA,NA,NA,0,9,30,34,27,22,32,24,25,14,2,0,NA,NA,NA,NA,NA,NA,NA,NA,NA,NA,NA,NA,0,0,0,0,0,0,0,0,0,0,0,0,NA,NA,NA,NA,NA,1,1,1,1,1,1,1,1,
Lincoln Park,3529 N Mission Road, Los Angeles, CA,90031,NA,NA,NA,NA,NA,NA,NA,NA,NA,NA,NA,NA,NA,NA,NA,NA,NA,NA,NA,NA,NA,NA,NA,NA,NA,NA,NA,NA,NA,NA,NA,0,9,37,41,23,29,39,42,55,53,0,0,NA,NA,NA,NA,NA,NA,NA,NA,NA,NA,NA,NA,0,12,41,40,32,31,36,39,45,31,0,0,NA,NA,NA,NA,NA,NA,NA,NA,NA,NA,NA,NA,0,4,19,30,30,30,30,38,48,25,0,0,NA,NA,NA,NA,NA,NA,NA,NA,NA,NA,NA,NA,0,9,22,23,19,22,18,18,21,13,0,0,NA,NA,NA,NA,NA,NA,NA,NA,NA,NA,NA,NA,0,8,22,18,16,18,27,25,35,16,0,0,NA,NA,NA,NA,NA,NA,NA,NA,NA,NA,NA,NA,0,0,0,0,0,0,0,0,0,0,0,0,NA,NA,NA,NA,NA,1,1,1,1,1,1,1,1,
Lodi,1222 Pixley Parkway, Lodi, CA,95240,NA,NA,NA,NA,NA,NA,NA,NA,NA,NA,NA,NA,NA,NA,NA,NA,NA,NA,NA,NA,NA,NA,NA,NA,NA,NA,NA,NA,NA,NA,NA,0,12,41,54,47,48,54,51,53,44,0,0,NA,NA,NA,NA,NA,NA,NA,NA,NA,NA,NA,NA,0,13,31,37,36,46,43,35,37,20,0,0,NA,NA,NA,NA,NA,NA,NA,NA,NA,NA,NA,NA,0,3,13,38,49,52,63,69,52,15,0,0,NA,NA,NA,NA,NA,NA,NA,NA,NA,NA,NA,NA,0,8,13,7,6,7,9,13,19,10,0,0,NA,NA,NA,NA,NA,NA,NA,NA,NA,NA,NA,NA,0,10,24,22,18,12,18,21,23,16,0,0,NA,NA,NA,NA,NA,NA,NA,NA,NA,NA,NA,NA,0,0,0,0,0,0,0,0,0,0,0,0,NA,NA,NA,NA,NA,1,1,1,1,1,1,1,1,
Lompoc,1601 N H St, Lompoc, CA,93436,NA,NA,NA,NA,NA,NA,NA,NA,NA,NA,NA,NA,NA,NA,NA,NA,NA,NA,NA,NA,NA,NA,NA,NA,NA,NA,NA,NA,NA,NA,NA,0,10,35,42,31,29,42,21,18,6,1,0,NA,NA,NA,NA,NA,NA,NA,NA,NA,NA,NA,NA,0,8,20,26,19,17,15,10,10,3,1,0,NA,NA,NA,NA,NA,NA,NA,NA,NA,NA,NA,NA,0,7,19,41,34,33,33,20,16,5,0,0,NA,NA,NA,NA,NA,NA,NA,NA,NA,NA,NA,NA,0,6,14,16,16,7,5,5,10,4,0,0,NA,NA,NA,NA,NA,NA,NA,NA,NA,NA,NA,NA,0,7,14,19,21,26,38,15,6,5,0,0,NA,NA,NA,NA,NA,NA,NA,NA,NA,NA,NA,NA,0,0,0,0,0,0,0,0,0,0,0,0,NA,NA,NA,NA,NA,1,1,1,1,1,1,1,1,
Long Beach,3700 East Willow Street, Long Beach, CA,90815,NA,NA,NA,NA,NA,NA,NA,NA,NA,NA,NA,NA,NA,NA,NA,NA,NA,NA,NA,NA,NA,NA,NA,NA,NA,NA,NA,NA,NA,NA,NA,0,17,34,27,26,33,27,38,39,21,1,0,NA,NA,NA,NA,NA,NA,NA,NA,NA,NA,NA,NA,0,17,36,24,21,18,22,32,32,31,3,0,NA,NA,NA,NA,NA,NA,NA,NA,NA,NA,NA,NA,0,9,25,32,33,34,19,31,25,25,1,0,NA,NA,NA,NA,NA,NA,NA,NA,NA,NA,NA,NA,0,13,20,19,16,14,22,45,40,29,1,0,NA,NA,NA,NA,NA,NA,NA,NA,NA,NA,NA,NA,0,13,35,26,30,32,31,39,34,28,5,0,NA,NA,NA,NA,NA,NA,NA,NA,NA,NA,NA,NA,0,0,0,0,0,0,0,0,0,0,0,0,NA,NA,NA,NA,NA,1,1,1,1,1,1,1,1,
Los Angeles,3615 S Hope Street, Los Angeles, CA,90007,NA,NA,NA,NA,NA,NA,NA,NA,NA,NA,NA,NA,NA,NA,NA,NA,NA,NA,NA,NA,NA,NA,NA,NA,NA,NA,NA,NA,NA,NA,NA,0,11,13,23,22,21,43,47,23,6,0,0,NA,NA,NA,NA,NA,NA,NA,NA,NA,NA,NA,NA,0,9,16,18,16,18,23,19,19,8,0,0,NA,NA,NA,NA,NA,NA,NA,NA,NA,NA,NA,NA,0,5,10,16,17,13,23,32,22,12,1,0,NA,NA,NA,NA,NA,NA,NA,NA,NA,NA,NA,NA,0,9,16,20,16,16,17,23,19,7,0,0,NA,NA,NA,NA,NA,NA,NA,NA,NA,NA,NA,NA,0,8,12,13,10,20,31,45,18,9,0,0,NA,NA,NA,NA,NA,NA,NA,NA,NA,NA,NA,NA,0,0,0,0,0,0,0,0,0,0,0,0,NA,NA,NA,NA,NA,1,1,1,1,1,1,1,1,
Los Banos,814 West L Street, Los Banos, CA,93635,NA,NA,NA,NA,NA,NA,NA,NA,NA,NA,NA,NA,NA,NA,NA,NA,NA,NA,NA,NA,NA,NA,NA,NA,NA,NA,NA,NA,NA,NA,NA,0,9,25,32,28,35,28,28,29,9,0,0,NA,NA,NA,NA,NA,NA,NA,NA,NA,NA,NA,NA,0,11,34,46,31,37,32,30,32,8,0,0,NA,NA,NA,NA,NA,NA,NA,NA,NA,NA,NA,NA,0,3,11,28,20,32,37,31,25,7,0,0,NA,NA,NA,NA,NA,NA,NA,NA,NA,NA,NA,NA,0,8,24,27,21,23,26,21,22,7,0,0,NA,NA,NA,NA,NA,NA,NA,NA,NA,NA,NA,NA,0,5,22,25,26,37,37,22,23,6,0,0,NA,NA,NA,NA,NA,NA,NA,NA,NA,NA,NA,NA,0,0,0,0,0,0,0,0,0,0,0,0,NA,NA,NA,NA,NA,1,1,1,1,1,1,1,1,
Los Gatos,600 N Santa Cruz Avenue, Los Gatos, CA,95030,NA,NA,NA,NA,NA,NA,NA,NA,NA,NA,NA,NA,NA,NA,NA,NA,NA,NA,NA,NA,NA,NA,NA,NA,NA,NA,NA,NA,NA,NA,NA,0,8,21,18,15,6,12,16,17,10,1,0,NA,NA,NA,NA,NA,NA,NA,NA,NA,NA,NA,NA,0,7,10,10,10,13,14,15,17,10,0,0,NA,NA,NA,NA,NA,NA,NA,NA,NA,NA,NA,NA,0,3,5,9,11,21,14,9,15,8,1,0,NA,NA,NA,NA,NA,NA,NA,NA,NA,NA,NA,NA,0,7,7,4,3,9,9,10,13,3,0,0,NA,NA,NA,NA,NA,NA,NA,NA,NA,NA,NA,NA,0,6,17,14,11,13,11,12,13,9,0,0,NA,NA,NA,NA,NA,NA,NA,NA,NA,NA,NA,NA,0,0,0,0,0,0,0,0,0,0,0,0,NA,NA,NA,NA,NA,1,1,1,1,1,1,1,1,
Madera,1206 Maple Street, Madera, CA,93637,NA,NA,NA,NA,NA,NA,NA,NA,NA,NA,NA,NA,NA,NA,NA,NA,NA,NA,NA,NA,NA,NA,NA,NA,NA,NA,NA,NA,NA,NA,NA,0,7,32,48,30,35,38,41,28,14,0,0,NA,NA,NA,NA,NA,NA,NA,NA,NA,NA,NA,NA,0,7,29,41,32,29,28,34,26,27,0,0,NA,NA,NA,NA,NA,NA,NA,NA,NA,NA,NA,NA,0,3,19,39,53,65,60,52,26,16,0,0,NA,NA,NA,NA,NA,NA,NA,NA,NA,NA,NA,NA,0,7,27,34,29,38,32,26,27,15,0,0,NA,NA,NA,NA,NA,NA,NA,NA,NA,NA,NA,NA,0,7,28,39,34,31,21,25,37,19,0,0,NA,NA,NA,NA,NA,NA,NA,NA,NA,NA,NA,NA,0,0,0,0,0,0,0,0,0,0,0,0,NA,NA,NA,NA,NA,1,1,1,1,1,1,1,1,
Manteca,955 Davis Street, Manteca, CA,95336,NA,NA,NA,NA,NA,NA,NA,NA,NA,NA,NA,NA,NA,NA,NA,NA,NA,NA,NA,NA,NA,NA,NA,NA,NA,NA,NA,NA,NA,NA,NA,0,20,56,56,64,72,65,70,59,19,0,0,NA,NA,NA,NA,NA,NA,NA,NA,NA,NA,NA,NA,1,20,45,45,39,45,45,39,36,12,0,0,NA,NA,NA,NA,NA,NA,NA,NA,NA,NA,NA,NA,0,8,22,37,30,24,27,31,40,19,0,0,NA,NA,NA,NA,NA,NA,NA,NA,NA,NA,NA,NA,0,14,24,20,20,22,33,33,30,11,0,0,NA,NA,NA,NA,NA,NA,NA,NA,NA,NA,NA,NA,0,12,32,34,33,39,31,30,37,18,0,0,NA,NA,NA,NA,NA,NA,NA,NA,NA,NA,NA,NA,0,0,0,0,0,0,0,0,0,0,0,0,NA,NA,NA,NA,NA,1,1,1,1,1,1,1,1,
Mariposa,5264 Highway 49-North, Mariposa, CA,95338,NA,NA,NA,NA,NA,NA,NA,NA,NA,NA,NA,NA,NA,NA,NA,NA,NA,NA,NA,NA,NA,NA,NA,NA,NA,NA,NA,NA,NA,NA,NA,0,11,35,24,27,16,27,37,23,7,0,0,NA,NA,NA,NA,NA,NA,NA,NA,NA,NA,NA,NA,0,16,24,36,28,20,24,21,16,6,0,0,NA,NA,NA,NA,NA,NA,NA,NA,NA,NA,NA,NA,0,5,17,31,30,21,27,20,25,6,0,0,NA,NA,NA,NA,NA,NA,NA,NA,NA,NA,NA,NA,0,11,25,28,20,5,11,13,9,1,0,0,NA,NA,NA,NA,NA,NA,NA,NA,NA,NA,NA,NA,0,10,19,23,39,18,9,15,17,6,0,0,NA,NA,NA,NA,NA,NA,NA,NA,NA,NA,NA,NA,0,0,0,0,0,0,0,0,0,0,0,0,NA,NA,NA,NA,NA,1,1,1,1,1,1,1,1,
Mendota,655 Quince Street, Mendota, CA,93640,NA,NA,NA,NA,NA,NA,NA,NA,NA,NA,NA,NA,NA,NA,NA,NA,NA,NA,NA,NA,NA,NA,NA,NA,NA,NA,NA,NA,NA,NA,NA,0,0,0,0,0,0,0,0,0,0,0,0,NA,NA,NA,NA,NA,NA,NA,NA,NA,NA,NA,NA,0,0,0,0,0,0,0,0,0,0,0,0,NA,NA,NA,NA,NA,NA,NA,NA,NA,NA,NA,NA,0,0,0,0,0,0,0,0,0,0,0,0,NA,NA,NA,NA,NA,NA,NA,NA,NA,NA,NA,NA,0,0,9,20,13,0,5,16,13,0,0,0,NA,NA,NA,NA,NA,NA,NA,NA,NA,NA,NA,NA,0,0,10,18,10,0,8,19,14,0,0,0,NA,NA,NA,NA,NA,NA,NA,NA,NA,NA,NA,NA,0,0,0,0,0,0,0,0,0,0,0,0,NA,NA,NA,NA,NA,NA,NA,NA,NA,NA,1,NA,1,
Merced,1313 W 12th Street, Merced, CA,95340,NA,NA,NA,NA,NA,NA,NA,NA,NA,NA,NA,NA,NA,NA,NA,NA,NA,NA,NA,NA,NA,NA,NA,NA,NA,NA,NA,NA,NA,NA,NA,0,9,32,38,37,37,35,31,34,19,2,0,NA,NA,NA,NA,NA,NA,NA,NA,NA,NA,NA,NA,0,9,30,37,34,33,36,30,32,13,0,0,NA,NA,NA,NA,NA,NA,NA,NA,NA,NA,NA,NA,0,4,21,40,34,29,30,39,36,18,0,0,NA,NA,NA,NA,NA,NA,NA,NA,NA,NA,NA,NA,0,6,21,30,16,19,23,17,26,13,0,0,NA,NA,NA,NA,NA,NA,NA,NA,NA,NA,NA,NA,0,8,21,29,22,25,27,19,23,12,0,0,NA,NA,NA,NA,NA,NA,NA,NA,NA,NA,NA,NA,0,0,0,0,0,0,0,0,0,0,0,0,NA,NA,NA,NA,NA,1,1,1,1,1,1,1,1,
Modesto,124 Burney Street, Modesto, CA,95354,NA,NA,NA,NA,NA,NA,NA,NA,NA,NA,NA,NA,NA,NA,NA,NA,NA,NA,NA,NA,NA,NA,NA,NA,NA,NA,NA,NA,NA,NA,NA,0,14,36,64,42,59,37,34,40,14,2,0,NA,NA,NA,NA,NA,NA,NA,NA,NA,NA,NA,NA,0,16,30,37,23,31,26,32,34,13,1,0,NA,NA,NA,NA,NA,NA,NA,NA,NA,NA,NA,NA,0,4,19,36,22,38,33,28,42,18,0,0,NA,NA,NA,NA,NA,NA,NA,NA,NA,NA,NA,NA,1,11,20,28,12,19,26,24,26,11,0,0,NA,NA,NA,NA,NA,NA,NA,NA,NA,NA,NA,NA,1,14,21,33,18,22,19,27,27,10,0,0,NA,NA,NA,NA,NA,NA,NA,NA,NA,NA,NA,NA,0,0,0,0,0,0,0,0,0,0,0,0,NA,NA,NA,NA,NA,1,1,1,1,1,1,1,1,
Montebello,424 N Wilcox Avenue, Montebello, CA,90640,NA,NA,NA,NA,NA,NA,NA,NA,NA,NA,NA,NA,NA,NA,NA,NA,NA,NA,NA,NA,NA,NA,NA,NA,NA,NA,NA,NA,NA,NA,NA,0,9,12,10,15,23,15,15,17,8,0,0,NA,NA,NA,NA,NA,NA,NA,NA,NA,NA,NA,NA,0,10,13,12,5,19,15,11,9,7,0,0,NA,NA,NA,NA,NA,NA,NA,NA,NA,NA,NA,NA,0,4,9,11,10,17,14,10,16,5,0,0,NA,NA,NA,NA,NA,NA,NA,NA,NA,NA,NA,NA,0,8,12,9,6,11,14,9,10,4,0,0,NA,NA,NA,NA,NA,NA,NA,NA,NA,NA,NA,NA,0,7,12,12,8,16,16,11,12,5,0,0,NA,NA,NA,NA,NA,NA,NA,NA,NA,NA,NA,NA,0,0,0,0,0,0,0,0,0,0,0,0,NA,NA,NA,NA,NA,1,1,1,1,1,1,1,1,
Mt Shasta,154 Morgan Way, Mt Shasta, CA,96067,NA,NA,NA,NA,NA,NA,NA,NA,NA,NA,NA,NA,NA,NA,NA,NA,NA,NA,NA,NA,NA,NA,NA,NA,NA,NA,NA,NA,NA,NA,NA,0,10,9,8,17,20,15,14,14,12,0,0,NA,NA,NA,NA,NA,NA,NA,NA,NA,NA,NA,NA,0,2,3,9,10,14,19,21,11,7,0,0,NA,NA,NA,NA,NA,NA,NA,NA,NA,NA,NA,NA,0,1,4,9,17,11,9,13,9,5,0,0,NA,NA,NA,NA,NA,NA,NA,NA,NA,NA,NA,NA,0,2,1,9,5,7,4,5,6,2,0,0,NA,NA,NA,NA,NA,NA,NA,NA,NA,NA,NA,NA,0,2,2,2,4,8,6,6,10,6,0,0,NA,NA,NA,NA,NA,NA,NA,NA,NA,NA,NA,NA,0,0,0,0,0,0,0,0,0,0,0,0,NA,NA,NA,NA,NA,1,1,1,1,1,1,1,1,
Napa,2550 Napa Valley Corporate Drive, Napa, CA,94558,NA,NA,NA,NA,NA,NA,NA,NA,NA,NA,NA,NA,NA,NA,NA,NA,NA,NA,NA,NA,NA,NA,NA,NA,NA,NA,NA,NA,NA,NA,NA,1,4,7,5,7,8,6,6,4,2,0,0,NA,NA,NA,NA,NA,NA,NA,NA,NA,NA,NA,NA,1,2,4,4,4,5,4,8,6,2,0,0,NA,NA,NA,NA,NA,NA,NA,NA,NA,NA,NA,NA,0,1,7,6,7,10,8,8,4,2,0,0,NA,NA,NA,NA,NA,NA,NA,NA,NA,NA,NA,NA,1,2,3,4,3,3,3,4,4,2,0,0,NA,NA,NA,NA,NA,NA,NA,NA,NA,NA,NA,NA,1,3,3,2,3,3,2,3,2,1,0,0,NA,NA,NA,NA,NA,NA,NA,NA,NA,NA,NA,NA,0,0,0,0,0,0,0,0,0,0,0,0,NA,NA,NA,NA,NA,1,1,1,1,1,1,1,1,
Newhall,24427 Newhall Avenue, Newhall, CA,91321,NA,NA,NA,NA,NA,NA,NA,NA,NA,NA,NA,NA,NA,NA,NA,NA,NA,NA,NA,NA,NA,NA,NA,NA,NA,NA,NA,NA,NA,NA,NA,0,11,26,32,33,32,33,21,30,20,1,0,NA,NA,NA,NA,NA,NA,NA,NA,NA,NA,NA,NA,0,16,40,43,28,31,29,24,41,38,5,0,NA,NA,NA,NA,NA,NA,NA,NA,NA,NA,NA,NA,0,7,29,44,34,42,40,35,40,28,0,0,NA,NA,NA,NA,NA,NA,NA,NA,NA,NA,NA,NA,0,10,36,35,21,27,21,26,34,14,1,0,NA,NA,NA,NA,NA,NA,NA,NA,NA,NA,NA,NA,0,10,35,29,22,35,24,33,48,22,1,0,NA,NA,NA,NA,NA,NA,NA,NA,NA,NA,NA,NA,0,0,0,0,0,0,0,0,0,0,0,0,NA,NA,NA,NA,NA,1,1,1,1,1,1,1,1,
Norco,3201 Horseless Carriage Drive, Norco, CA,92860,NA,NA,NA,NA,NA,NA,NA,NA,NA,NA,NA,NA,NA,NA,NA,NA,NA,NA,NA,NA,NA,NA,NA,NA,NA,NA,NA,NA,NA,NA,NA,0,19,36,41,37,47,35,37,37,13,1,0,NA,NA,NA,NA,NA,NA,NA,NA,NA,NA,NA,NA,0,19,36,39,33,38,29,30,23,7,0,0,NA,NA,NA,NA,NA,NA,NA,NA,NA,NA,NA,NA,0,6,22,26,29,32,27,25,21,13,0,0,NA,NA,NA,NA,NA,NA,NA,NA,NA,NA,NA,NA,0,17,22,13,14,15,12,12,16,7,0,0,NA,NA,NA,NA,NA,NA,NA,NA,NA,NA,NA,NA,0,15,26,21,9,9,12,16,16,7,0,0,NA,NA,NA,NA,NA,NA,NA,NA,NA,NA,NA,NA,0,0,0,0,0,0,0,0,0,0,0,0,NA,NA,NA,NA,NA,1,1,1,1,1,1,1,1,
Novato,936 7th Street A, Novato, CA,94947,NA,NA,NA,NA,NA,NA,NA,NA,NA,NA,NA,NA,NA,NA,NA,NA,NA,NA,NA,NA,NA,NA,NA,NA,NA,NA,NA,NA,NA,NA,NA,0,5,10,9,11,9,13,10,15,4,0,0,NA,NA,NA,NA,NA,NA,NA,NA,NA,NA,NA,NA,0,4,7,9,8,9,10,7,7,3,0,0,NA,NA,NA,NA,NA,NA,NA,NA,NA,NA,NA,NA,0,1,4,8,3,9,15,8,6,2,0,0,NA,NA,NA,NA,NA,NA,NA,NA,NA,NA,NA,NA,0,1,1,4,6,7,6,3,8,3,0,0,NA,NA,NA,NA,NA,NA,NA,NA,NA,NA,NA,NA,0,2,3,3,4,2,6,5,9,3,0,0,NA,NA,NA,NA,NA,NA,NA,NA,NA,NA,NA,NA,0,0,0,0,0,0,0,0,0,0,0,0,NA,NA,NA,NA,NA,1,1,1,1,1,1,1,1,
Oakland Coliseum,501 85th Ave, Oakland, CA,94621,NA,NA,NA,NA,NA,NA,NA,NA,NA,NA,NA,NA,NA,NA,NA,NA,NA,NA,NA,NA,NA,NA,NA,NA,NA,NA,NA,NA,NA,NA,NA,0,9,24,39,35,21,24,17,30,19,3,0,NA,NA,NA,NA,NA,NA,NA,NA,NA,NA,NA,NA,0,6,11,13,18,26,24,17,20,12,1,0,NA,NA,NA,NA,NA,NA,NA,NA,NA,NA,NA,NA,0,1,7,25,28,25,25,19,22,10,2,0,NA,NA,NA,NA,NA,NA,NA,NA,NA,NA,NA,NA,0,6,5,4,5,3,8,5,6,5,2,0,NA,NA,NA,NA,NA,NA,NA,NA,NA,NA,NA,NA,0,6,7,16,13,13,11,8,8,3,1,0,NA,NA,NA,NA,NA,NA,NA,NA,NA,NA,NA,NA,0,0,0,0,0,0,0,0,0,0,0,0,NA,NA,NA,NA,NA,1,1,1,1,1,1,1,1,
Oakland,5300 Claremont Avenue, Oakland, CA,94618,NA,NA,NA,NA,NA,NA,NA,NA,NA,NA,NA,NA,NA,NA,NA,NA,NA,NA,NA,NA,NA,NA,NA,NA,NA,NA,NA,NA,NA,NA,NA,1,13,18,21,21,24,23,17,16,8,0,0,NA,NA,NA,NA,NA,NA,NA,NA,NA,NA,NA,NA,1,11,7,7,7,9,7,10,7,6,1,0,NA,NA,NA,NA,NA,NA,NA,NA,NA,NA,NA,NA,1,2,4,14,12,8,10,15,11,5,0,0,NA,NA,NA,NA,NA,NA,NA,NA,NA,NA,NA,NA,0,7,6,9,7,10,11,7,6,3,2,0,NA,NA,NA,NA,NA,NA,NA,NA,NA,NA,NA,NA,1,10,10,10,14,21,17,13,13,5,1,0,NA,NA,NA,NA,NA,NA,NA,NA,NA,NA,NA,NA,0,0,0,0,0,0,0,0,0,0,0,0,NA,NA,NA,NA,NA,1,1,1,1,1,1,1,1,
Oceanside,4005 Plaza Drive, Oceanside, CA,92056,NA,NA,NA,NA,NA,NA,NA,NA,NA,NA,NA,NA,NA,NA,NA,NA,NA,NA,NA,NA,NA,NA,NA,NA,NA,NA,NA,NA,NA,NA,NA,0,15,31,51,49,58,61,56,51,27,8,0,NA,NA,NA,NA,NA,NA,NA,NA,NA,NA,NA,NA,0,13,24,39,39,30,36,34,33,29,3,0,NA,NA,NA,NA,NA,NA,NA,NA,NA,NA,NA,NA,0,5,10,25,31,35,49,57,51,27,1,0,NA,NA,NA,NA,NA,NA,NA,NA,NA,NA,NA,NA,0,12,24,29,29,18,20,23,15,10,0,0,NA,NA,NA,NA,NA,NA,NA,NA,NA,NA,NA,NA,0,9,14,24,23,18,22,21,24,19,6,0,NA,NA,NA,NA,NA,NA,NA,NA,NA,NA,NA,NA,0,0,0,0,0,0,0,0,0,0,0,0,NA,NA,NA,NA,NA,1,1,1,1,1,1,1,1,
Oxnard,4050 Saviers Road, Oxnard, CA,93033,NA,NA,NA,NA,NA,NA,NA,NA,NA,NA,NA,NA,NA,NA,NA,NA,NA,NA,NA,NA,NA,NA,NA,NA,NA,NA,NA,NA,NA,NA,NA,0,16,27,38,25,24,34,36,28,16,0,0,NA,NA,NA,NA,NA,NA,NA,NA,NA,NA,NA,NA,0,15,29,44,37,43,34,20,24,19,5,0,NA,NA,NA,NA,NA,NA,NA,NA,NA,NA,NA,NA,0,6,15,19,16,24,27,22,19,18,0,0,NA,NA,NA,NA,NA,NA,NA,NA,NA,NA,NA,NA,0,12,24,19,14,10,16,23,22,10,0,0,NA,NA,NA,NA,NA,NA,NA,NA,NA,NA,NA,NA,1,11,20,28,25,22,22,14,17,11,2,0,NA,NA,NA,NA,NA,NA,NA,NA,NA,NA,NA,NA,0,0,0,0,0,0,0,0,0,0,0,0,NA,NA,NA,NA,NA,1,1,1,1,1,1,1,1,
Pacoima Driver License Processing Center (DL Only),11623 Glenoaks Blvd, Pacoima, CA,91331,NA,NA,NA,NA,NA,NA,NA,NA,NA,NA,NA,NA,NA,NA,NA,NA,NA,NA,NA,NA,NA,NA,NA,NA,NA,NA,NA,NA,NA,NA,NA,0,13,21,19,25,17,17,24,26,10,0,0,NA,NA,NA,NA,NA,NA,NA,NA,NA,NA,NA,NA,0,10,15,20,26,17,13,19,23,9,0,0,NA,NA,NA,NA,NA,NA,NA,NA,NA,NA,NA,NA,0,4,13,22,27,26,31,21,18,10,0,0,NA,NA,NA,NA,NA,NA,NA,NA,NA,NA,NA,NA,0,5,9,10,11,12,14,18,15,6,1,0,NA,NA,NA,NA,NA,NA,NA,NA,NA,NA,NA,NA,0,11,9,15,11,8,11,16,8,5,0,0,NA,NA,NA,NA,NA,NA,NA,NA,NA,NA,NA,NA,0,0,0,0,0,0,0,0,0,0,0,0,NA,NA,NA,NA,NA,NA,1,NA,NA,1,1,NA,1,
Palm Desert,74-740 Technology Drive, Palm Desert, CA,92211,NA,NA,NA,NA,NA,NA,NA,NA,NA,NA,NA,NA,NA,NA,NA,NA,NA,NA,NA,NA,NA,NA,NA,NA,NA,NA,NA,NA,NA,NA,NA,0,11,32,32,21,33,32,18,11,10,5,0,NA,NA,NA,NA,NA,NA,NA,NA,NA,NA,NA,NA,0,11,29,32,14,14,22,14,24,5,0,0,NA,NA,NA,NA,NA,NA,NA,NA,NA,NA,NA,NA,0,3,14,26,17,24,25,10,9,4,0,0,NA,NA,NA,NA,NA,NA,NA,NA,NA,NA,NA,NA,0,9,13,7,4,10,7,7,11,2,0,0,NA,NA,NA,NA,NA,NA,NA,NA,NA,NA,NA,NA,0,9,21,11,6,14,7,11,11,7,3,0,NA,NA,NA,NA,NA,NA,NA,NA,NA,NA,NA,NA,0,0,0,0,0,0,0,0,0,0,0,0,NA,NA,NA,NA,NA,1,1,1,1,1,1,1,1,
Palm Springs,950 N Farrell Drive, Palm Springs, CA,92262,NA,NA,NA,NA,NA,NA,NA,NA,NA,NA,NA,NA,NA,NA,NA,NA,NA,NA,NA,NA,NA,NA,NA,NA,NA,NA,NA,NA,NA,NA,NA,0,4,5,6,9,9,8,7,7,4,0,0,NA,NA,NA,NA,NA,NA,NA,NA,NA,NA,NA,NA,0,5,4,6,8,7,8,5,7,3,0,0,NA,NA,NA,NA,NA,NA,NA,NA,NA,NA,NA,NA,0,1,4,5,4,8,9,7,7,4,0,0,NA,NA,NA,NA,NA,NA,NA,NA,NA,NA,NA,NA,0,3,1,2,3,6,5,3,3,1,0,0,NA,NA,NA,NA,NA,NA,NA,NA,NA,NA,NA,NA,0,3,3,6,7,4,3,3,5,3,0,0,NA,NA,NA,NA,NA,NA,NA,NA,NA,NA,NA,NA,0,0,0,0,0,0,0,0,0,0,0,0,NA,NA,NA,NA,NA,1,1,1,1,1,1,1,1,
Pasadena,49 S Rosemead Boulevard, Pasadena, CA,91107,NA,NA,NA,NA,NA,NA,NA,NA,NA,NA,NA,NA,NA,NA,NA,NA,NA,NA,NA,NA,NA,NA,NA,NA,NA,NA,NA,NA,NA,NA,NA,0,11,12,15,12,9,8,10,18,9,2,0,NA,NA,NA,NA,NA,NA,NA,NA,NA,NA,NA,NA,0,13,12,10,9,11,14,10,11,9,1,0,NA,NA,NA,NA,NA,NA,NA,NA,NA,NA,NA,NA,0,6,11,15,15,10,7,6,8,6,1,0,NA,NA,NA,NA,NA,NA,NA,NA,NA,NA,NA,NA,0,9,4,4,5,5,5,8,7,3,2,0,NA,NA,NA,NA,NA,NA,NA,NA,NA,NA,NA,NA,0,9,10,12,11,9,6,7,12,8,3,0,NA,NA,NA,NA,NA,NA,NA,NA,NA,NA,NA,NA,0,0,0,0,0,0,0,0,0,0,0,0,NA,NA,NA,NA,NA,1,1,1,1,1,1,1,1,
Paso Robles,841 Park Street, Paso Robles, CA,93446,NA,NA,NA,NA,NA,NA,NA,NA,NA,NA,NA,NA,NA,NA,NA,NA,NA,NA,NA,NA,NA,NA,NA,NA,NA,NA,NA,NA,NA,NA,NA,0,13,38,42,47,40,35,29,21,9,0,0,NA,NA,NA,NA,NA,NA,NA,NA,NA,NA,NA,NA,0,17,33,35,28,23,20,25,22,8,0,0,NA,NA,NA,NA,NA,NA,NA,NA,NA,NA,NA,NA,0,3,19,29,23,16,19,14,13,8,0,0,NA,NA,NA,NA,NA,NA,NA,NA,NA,NA,NA,NA,0,10,17,18,14,14,15,23,10,5,0,0,NA,NA,NA,NA,NA,NA,NA,NA,NA,NA,NA,NA,0,10,14,12,15,19,19,14,14,7,0,0,NA,NA,NA,NA,NA,NA,NA,NA,NA,NA,NA,NA,0,0,0,0,0,0,0,0,0,0,0,0,NA,NA,NA,NA,NA,1,1,1,1,1,1,1,1,
Petaluma,715 - J Southpoint Boulevard, Petaluma, CA,94954,NA,NA,NA,NA,NA,NA,NA,NA,NA,NA,NA,NA,NA,NA,NA,NA,NA,NA,NA,NA,NA,NA,NA,NA,NA,NA,NA,NA,NA,NA,NA,0,3,18,22,16,23,28,18,16,5,0,0,NA,NA,NA,NA,NA,NA,NA,NA,NA,NA,NA,NA,0,6,16,13,21,21,18,20,24,7,0,0,NA,NA,NA,NA,NA,NA,NA,NA,NA,NA,NA,NA,0,1,8,19,19,14,14,16,15,2,0,0,NA,NA,NA,NA,NA,NA,NA,NA,NA,NA,NA,NA,0,2,1,1,1,3,7,5,2,1,0,0,NA,NA,NA,NA,NA,NA,NA,NA,NA,NA,NA,NA,0,4,3,4,8,6,9,6,9,3,0,0,NA,NA,NA,NA,NA,NA,NA,NA,NA,NA,NA,NA,0,0,0,0,0,0,0,0,0,0,0,0,NA,NA,NA,NA,NA,1,1,1,1,1,1,1,1,
Pittsburg,1399 Buchanan Road, Pittsburg, CA,94565,NA,NA,NA,NA,NA,NA,NA,NA,NA,NA,NA,NA,NA,NA,NA,NA,NA,NA,NA,NA,NA,NA,NA,NA,NA,NA,NA,NA,NA,NA,NA,1,16,43,63,65,64,69,68,65,8,0,0,NA,NA,NA,NA,NA,NA,NA,NA,NA,NA,NA,NA,0,18,41,51,52,58,57,63,52,23,0,0,NA,NA,NA,NA,NA,NA,NA,NA,NA,NA,NA,NA,1,5,18,35,40,39,33,33,43,32,0,0,NA,NA,NA,NA,NA,NA,NA,NA,NA,NA,NA,NA,1,11,13,7,9,7,11,17,17,6,0,0,NA,NA,NA,NA,NA,NA,NA,NA,NA,NA,NA,NA,1,13,26,25,24,18,20,28,30,17,0,0,NA,NA,NA,NA,NA,NA,NA,NA,NA,NA,NA,NA,0,0,0,0,0,0,0,0,0,0,0,0,NA,NA,NA,NA,NA,1,1,1,1,1,1,1,1,
Placerville,2919 Cold Springs Road, Placerville, CA,95667,NA,NA,NA,NA,NA,NA,NA,NA,NA,NA,NA,NA,NA,NA,NA,NA,NA,NA,NA,NA,NA,NA,NA,NA,NA,NA,NA,NA,NA,NA,NA,0,18,59,87,98,97,102,90,84,36,0,0,NA,NA,NA,NA,NA,NA,NA,NA,NA,NA,NA,NA,1,19,35,50,38,33,24,32,42,11,0,0,NA,NA,NA,NA,NA,NA,NA,NA,NA,NA,NA,NA,0,9,32,75,95,103,85,66,57,16,0,0,NA,NA,NA,NA,NA,NA,NA,NA,NA,NA,NA,NA,0,14,36,39,39,36,38,37,38,21,0,0,NA,NA,NA,NA,NA,NA,NA,NA,NA,NA,NA,NA,0,12,22,29,20,25,33,25,28,23,0,0,NA,NA,NA,NA,NA,NA,NA,NA,NA,NA,NA,NA,0,0,0,0,0,0,0,0,0,0,0,0,NA,NA,NA,NA,NA,1,1,1,1,1,1,1,1,
Pleasanton Stoneridge,"2621 Stoneridge Mall, Unit G225B", Pleasanton, CA,94588,NA,NA,NA,NA,NA,NA,NA,NA,NA,NA,NA,NA,NA,NA,NA,NA,NA,NA,NA,NA,NA,NA,NA,NA,NA,NA,NA,NA,NA,NA,NA,0,0,0,1,5,1,4,3,2,0,0,0,NA,NA,NA,NA,NA,NA,NA,NA,NA,NA,NA,NA,0,0,1,3,4,4,6,4,3,1,0,0,NA,NA,NA,NA,NA,NA,NA,NA,NA,NA,NA,NA,0,0,2,1,0,0,1,1,0,0,0,0,NA,NA,NA,NA,NA,NA,NA,NA,NA,NA,NA,NA,0,0,1,0,1,0,1,1,1,1,0,0,NA,NA,NA,NA,NA,NA,NA,NA,NA,NA,NA,NA,0,1,1,2,4,3,4,8,4,1,0,0,NA,NA,NA,NA,NA,NA,NA,NA,NA,NA,NA,NA,0,0,0,0,0,0,0,0,0,0,0,0,NA,NA,NA,NA,NA,1,1,1,1,1,1,1,1,
Pleasanton,6300 W Las Positas Blvd, Pleasanton, CA,94588,NA,NA,NA,NA,NA,NA,NA,NA,NA,NA,NA,NA,NA,NA,NA,NA,NA,NA,NA,NA,NA,NA,NA,NA,NA,NA,NA,NA,NA,NA,NA,0,8,20,11,13,19,13,8,11,9,0,0,NA,NA,NA,NA,NA,NA,NA,NA,NA,NA,NA,NA,0,7,14,20,21,14,13,16,17,9,1,0,NA,NA,NA,NA,NA,NA,NA,NA,NA,NA,NA,NA,0,1,8,17,17,8,8,13,12,9,0,0,NA,NA,NA,NA,NA,NA,NA,NA,NA,NA,NA,NA,0,7,15,14,4,4,6,3,11,5,0,0,NA,NA,NA,NA,NA,NA,NA,NA,NA,NA,NA,NA,0,2,1,3,2,2,3,3,3,2,0,0,NA,NA,NA,NA,NA,NA,NA,NA,NA,NA,NA,NA,0,0,0,0,0,0,0,0,0,0,0,0,NA,NA,NA,NA,NA,1,1,1,1,1,1,1,1,
Pomona,1600 S Garey Avenue, Pomona, CA,91766,NA,NA,NA,NA,NA,NA,NA,NA,NA,NA,NA,NA,NA,NA,NA,NA,NA,NA,NA,NA,NA,NA,NA,NA,NA,NA,NA,NA,NA,NA,NA,1,23,40,51,56,63,58,62,62,28,1,0,NA,NA,NA,NA,NA,NA,NA,NA,NA,NA,NA,NA,1,22,37,46,41,35,31,18,18,17,3,0,NA,NA,NA,NA,NA,NA,NA,NA,NA,NA,NA,NA,1,8,20,32,35,35,35,27,21,14,4,0,NA,NA,NA,NA,NA,NA,NA,NA,NA,NA,NA,NA,1,16,24,21,19,10,6,8,12,10,1,0,NA,NA,NA,NA,NA,NA,NA,NA,NA,NA,NA,NA,1,17,27,27,23,20,25,24,28,9,3,0,NA,NA,NA,NA,NA,NA,NA,NA,NA,NA,NA,NA,0,0,0,0,0,0,0,0,0,0,0,0,NA,NA,NA,NA,NA,1,1,1,1,1,1,1,1,
Porterville,329 E Olive Avenue, Porterville, CA,93257,NA,NA,NA,NA,NA,NA,NA,NA,NA,NA,NA,NA,NA,NA,NA,NA,NA,NA,NA,NA,NA,NA,NA,NA,NA,NA,NA,NA,NA,NA,NA,0,21,65,98,121,88,38,49,62,44,0,0,NA,NA,NA,NA,NA,NA,NA,NA,NA,NA,NA,NA,0,18,55,89,87,63,51,58,55,21,0,0,NA,NA,NA,NA,NA,NA,NA,NA,NA,NA,NA,NA,0,8,29,55,65,62,59,59,40,9,1,0,NA,NA,NA,NA,NA,NA,NA,NA,NA,NA,NA,NA,0,10,24,28,15,12,14,7,11,7,0,0,NA,NA,NA,NA,NA,NA,NA,NA,NA,NA,NA,NA,0,13,41,50,34,24,19,16,31,15,1,0,NA,NA,NA,NA,NA,NA,NA,NA,NA,NA,NA,NA,0,0,0,0,0,0,0,0,0,0,0,0,NA,NA,NA,NA,NA,1,1,1,1,1,1,1,1,
Poway,13461 Community Road, Poway, CA,92064,NA,NA,NA,NA,NA,NA,NA,NA,NA,NA,NA,NA,NA,NA,NA,NA,NA,NA,NA,NA,NA,NA,NA,NA,NA,NA,NA,NA,NA,NA,NA,0,15,28,35,49,58,64,56,45,26,5,0,NA,NA,NA,NA,NA,NA,NA,NA,NA,NA,NA,NA,0,15,29,45,56,58,55,39,38,31,16,0,NA,NA,NA,NA,NA,NA,NA,NA,NA,NA,NA,NA,0,8,19,36,37,42,41,26,29,12,2,0,NA,NA,NA,NA,NA,NA,NA,NA,NA,NA,NA,NA,0,10,7,5,15,19,13,18,27,18,2,0,NA,NA,NA,NA,NA,NA,NA,NA,NA,NA,NA,NA,0,11,27,37,41,50,59,48,43,30,6,0,NA,NA,NA,NA,NA,NA,NA,NA,NA,NA,NA,NA,0,0,0,0,0,0,0,0,0,0,0,0,NA,NA,NA,NA,NA,1,1,1,1,1,1,1,1,
Quincy,1953 E Main Street Suite 3, Quincy, CA,95971,NA,NA,NA,NA,NA,NA,NA,NA,NA,NA,NA,NA,NA,NA,NA,NA,NA,NA,NA,NA,NA,NA,NA,NA,NA,NA,NA,NA,NA,NA,NA,0,8,8,6,10,0,8,20,11,3,0,0,NA,NA,NA,NA,NA,NA,NA,NA,NA,NA,NA,NA,0,3,3,8,4,1,5,10,3,2,0,0,NA,NA,NA,NA,NA,NA,NA,NA,NA,NA,NA,NA,0,1,8,5,12,0,6,9,5,4,0,0,NA,NA,NA,NA,NA,NA,NA,NA,NA,NA,NA,NA,0,4,8,4,3,0,7,14,14,3,0,0,NA,NA,NA,NA,NA,NA,NA,NA,NA,NA,NA,NA,0,1,2,9,6,0,8,20,12,4,0,0,NA,NA,NA,NA,NA,NA,NA,NA,NA,NA,NA,NA,0,0,0,0,0,0,0,0,0,0,0,0,NA,NA,NA,NA,NA,1,1,1,1,1,1,1,1,
Rancho Cucamonga,8629 Hellman Avenue, Rancho Cucamonga, CA,91730,NA,NA,NA,NA,NA,NA,NA,NA,NA,NA,NA,NA,NA,NA,NA,NA,NA,NA,NA,NA,NA,NA,NA,NA,NA,NA,NA,NA,NA,NA,NA,0,19,42,61,53,60,75,61,44,13,4,0,NA,NA,NA,NA,NA,NA,NA,NA,NA,NA,NA,NA,0,16,46,70,55,52,54,47,49,26,2,0,NA,NA,NA,NA,NA,NA,NA,NA,NA,NA,NA,NA,0,8,22,48,57,70,57,36,45,23,2,0,NA,NA,NA,NA,NA,NA,NA,NA,NA,NA,NA,NA,0,10,19,21,19,32,30,29,29,16,1,0,NA,NA,NA,NA,NA,NA,NA,NA,NA,NA,NA,NA,0,16,34,39,46,53,44,30,27,16,4,0,NA,NA,NA,NA,NA,NA,NA,NA,NA,NA,NA,NA,0,0,0,0,0,0,0,0,0,0,0,0,NA,NA,NA,NA,NA,1,1,1,1,1,1,1,1,
Rancho San Diego Industry Business Center,1901 Jamacha Road, El Cajon, CA,92019,NA,NA,NA,NA,NA,NA,NA,NA,NA,NA,NA,NA,NA,NA,NA,NA,NA,NA,NA,NA,NA,NA,NA,NA,NA,NA,NA,NA,NA,NA,NA,NA,NA,NA,NA,NA,NA,NA,NA,NA,NA,NA,NA,NA,NA,NA,NA,NA,NA,NA,NA,NA,NA,NA,NA,NA,NA,NA,NA,NA,NA,NA,NA,NA,NA,NA,NA,NA,NA,NA,NA,NA,NA,NA,NA,NA,NA,NA,NA,NA,NA,NA,NA,NA,NA,NA,NA,NA,NA,NA,NA,NA,NA,NA,NA,NA,NA,NA,NA,NA,NA,NA,NA,NA,NA,NA,NA,NA,NA,NA,NA,NA,NA,NA,NA,NA,NA,NA,NA,NA,NA,NA,NA,NA,NA,NA,NA,NA,NA,NA,NA,NA,NA,NA,NA,NA,NA,NA,NA,NA,NA,NA,NA,NA,NA,NA,NA,NA,NA,NA,NA,NA,NA,NA,NA,NA,NA,NA,NA,NA,NA,NA,NA,NA,NA,NA,NA,NA,NA,NA,NA,NA,1,1,NA,1,
Red Bluff,675 Monroe Street, Red Bluff, CA,96080,NA,NA,NA,NA,NA,NA,NA,NA,NA,NA,NA,NA,NA,NA,NA,NA,NA,NA,NA,NA,NA,NA,NA,NA,NA,NA,NA,NA,NA,NA,NA,0,11,20,26,29,28,26,17,20,13,0,0,NA,NA,NA,NA,NA,NA,NA,NA,NA,NA,NA,NA,0,7,22,20,21,13,8,11,8,3,0,0,NA,NA,NA,NA,NA,NA,NA,NA,NA,NA,NA,NA,0,1,13,25,21,23,12,7,7,3,0,0,NA,NA,NA,NA,NA,NA,NA,NA,NA,NA,NA,NA,0,5,8,10,6,3,2,6,10,7,0,0,NA,NA,NA,NA,NA,NA,NA,NA,NA,NA,NA,NA,0,5,6,4,5,11,10,17,9,4,1,0,NA,NA,NA,NA,NA,NA,NA,NA,NA,NA,NA,NA,0,0,0,0,0,0,0,0,0,0,0,0,NA,NA,NA,NA,NA,1,1,1,1,1,1,1,1,
Redding,2135 Civic Center Drive, Redding, CA,96001,NA,NA,NA,NA,NA,NA,NA,NA,NA,NA,NA,NA,NA,NA,NA,NA,NA,NA,NA,NA,NA,NA,NA,NA,NA,NA,NA,NA,NA,NA,NA,0,8,28,44,14,20,22,19,22,9,0,0,NA,NA,NA,NA,NA,NA,NA,NA,NA,NA,NA,NA,0,9,22,26,26,22,18,17,21,17,0,0,NA,NA,NA,NA,NA,NA,NA,NA,NA,NA,NA,NA,0,1,9,28,24,24,21,32,22,6,0,0,NA,NA,NA,NA,NA,NA,NA,NA,NA,NA,NA,NA,0,8,13,20,18,21,17,13,13,6,0,0,NA,NA,NA,NA,NA,NA,NA,NA,NA,NA,NA,NA,0,6,19,26,11,14,13,18,13,10,0,0,NA,NA,NA,NA,NA,NA,NA,NA,NA,NA,NA,NA,0,0,0,0,0,0,0,0,0,0,0,0,NA,NA,NA,NA,NA,1,1,1,1,1,1,1,1,
Redlands,1659 W Lugonia Avenue, Redlands, CA,92374,NA,NA,NA,NA,NA,NA,NA,NA,NA,NA,NA,NA,NA,NA,NA,NA,NA,NA,NA,NA,NA,NA,NA,NA,NA,NA,NA,NA,NA,NA,NA,0,2,1,3,1,2,7,4,2,1,0,0,NA,NA,NA,NA,NA,NA,NA,NA,NA,NA,NA,NA,0,2,1,3,4,1,3,4,6,3,0,0,NA,NA,NA,NA,NA,NA,NA,NA,NA,NA,NA,NA,0,0,4,8,4,7,7,6,5,7,1,0,NA,NA,NA,NA,NA,NA,NA,NA,NA,NA,NA,NA,0,3,3,3,4,2,2,2,6,2,1,0,NA,NA,NA,NA,NA,NA,NA,NA,NA,NA,NA,NA,0,3,7,3,1,4,10,9,3,2,1,0,NA,NA,NA,NA,NA,NA,NA,NA,NA,NA,NA,NA,0,0,0,0,0,0,0,0,0,0,0,0,NA,NA,NA,NA,NA,1,1,1,1,1,1,1,1,
Redwood City,300 Brewster Avenue, Redwood City, CA,94063,NA,NA,NA,NA,NA,NA,NA,NA,NA,NA,NA,NA,NA,NA,NA,NA,NA,NA,NA,NA,NA,NA,NA,NA,NA,NA,NA,NA,NA,NA,NA,0,9,22,19,13,15,14,14,24,11,0,0,NA,NA,NA,NA,NA,NA,NA,NA,NA,NA,NA,NA,0,6,14,11,15,17,13,9,13,4,0,0,NA,NA,NA,NA,NA,NA,NA,NA,NA,NA,NA,NA,0,1,6,12,8,16,13,5,10,5,0,0,NA,NA,NA,NA,NA,NA,NA,NA,NA,NA,NA,NA,0,3,2,3,2,1,4,3,6,2,0,0,NA,NA,NA,NA,NA,NA,NA,NA,NA,NA,NA,NA,0,6,9,12,9,4,6,7,10,7,0,0,NA,NA,NA,NA,NA,NA,NA,NA,NA,NA,NA,NA,0,0,0,0,0,0,0,0,0,0,0,0,NA,NA,NA,NA,NA,1,1,1,1,1,1,1,1,
Reedley,558 E Dinuba Avenue, Reedley, CA,93654,NA,NA,NA,NA,NA,NA,NA,NA,NA,NA,NA,NA,NA,NA,NA,NA,NA,NA,NA,NA,NA,NA,NA,NA,NA,NA,NA,NA,NA,NA,NA,0,12,22,35,38,43,37,47,49,23,0,0,NA,NA,NA,NA,NA,NA,NA,NA,NA,NA,NA,NA,0,13,39,47,40,57,43,26,26,13,0,0,NA,NA,NA,NA,NA,NA,NA,NA,NA,NA,NA,NA,0,4,17,31,36,42,27,21,33,16,2,0,NA,NA,NA,NA,NA,NA,NA,NA,NA,NA,NA,NA,0,12,24,19,15,22,10,8,9,7,0,0,NA,NA,NA,NA,NA,NA,NA,NA,NA,NA,NA,NA,0,9,21,30,33,34,24,17,17,11,1,0,NA,NA,NA,NA,NA,NA,NA,NA,NA,NA,NA,NA,0,0,0,0,0,0,0,0,0,0,0,0,NA,NA,NA,NA,NA,1,1,1,1,1,1,1,1,
Riverside East,6425 Sycamore Canyon Blvd, Riverside, CA,92507,NA,NA,NA,NA,NA,NA,NA,NA,NA,NA,NA,NA,NA,NA,NA,NA,NA,NA,NA,NA,NA,NA,NA,NA,NA,NA,NA,NA,NA,NA,NA,1,15,16,13,8,13,14,7,9,4,0,0,NA,NA,NA,NA,NA,NA,NA,NA,NA,NA,NA,NA,0,8,3,5,4,8,9,6,7,3,0,0,NA,NA,NA,NA,NA,NA,NA,NA,NA,NA,NA,NA,0,5,5,3,7,10,7,4,6,2,0,0,NA,NA,NA,NA,NA,NA,NA,NA,NA,NA,NA,NA,0,7,1,1,4,7,6,4,2,2,0,0,NA,NA,NA,NA,NA,NA,NA,NA,NA,NA,NA,NA,1,10,4,2,4,8,6,2,6,5,0,0,NA,NA,NA,NA,NA,NA,NA,NA,NA,NA,NA,NA,0,0,0,0,0,0,0,0,0,0,0,0,NA,NA,NA,NA,NA,1,1,1,1,1,1,1,1,
Riverside,6280 Brockton Avenue, Riverside, CA,92506,NA,NA,NA,NA,NA,NA,NA,NA,NA,NA,NA,NA,NA,NA,NA,NA,NA,NA,NA,NA,NA,NA,NA,NA,NA,NA,NA,NA,NA,NA,NA,0,10,36,58,50,47,50,52,48,28,4,0,NA,NA,NA,NA,NA,NA,NA,NA,NA,NA,NA,NA,0,8,28,36,36,37,34,33,43,27,5,0,NA,NA,NA,NA,NA,NA,NA,NA,NA,NA,NA,NA,0,7,16,35,42,41,48,55,36,33,5,0,NA,NA,NA,NA,NA,NA,NA,NA,NA,NA,NA,NA,0,9,20,32,22,17,12,17,27,30,7,0,NA,NA,NA,NA,NA,NA,NA,NA,NA,NA,NA,NA,0,7,31,44,37,37,26,32,39,21,5,0,NA,NA,NA,NA,NA,NA,NA,NA,NA,NA,NA,NA,0,0,0,0,0,0,0,0,0,0,0,0,NA,NA,NA,NA,NA,1,1,1,1,1,1,1,1,
Rocklin,5245 South Grove, Rocklin, CA,95677,NA,NA,NA,NA,NA,NA,NA,NA,NA,NA,NA,NA,NA,NA,NA,NA,NA,NA,NA,NA,NA,NA,NA,NA,NA,NA,NA,NA,NA,NA,NA,0,9,18,26,26,30,35,41,27,8,0,0,NA,NA,NA,NA,NA,NA,NA,NA,NA,NA,NA,NA,0,10,16,22,18,17,23,25,22,9,0,0,NA,NA,NA,NA,NA,NA,NA,NA,NA,NA,NA,NA,0,4,11,17,20,18,16,13,6,4,0,0,NA,NA,NA,NA,NA,NA,NA,NA,NA,NA,NA,NA,0,4,3,5,8,5,9,14,13,9,0,0,NA,NA,NA,NA,NA,NA,NA,NA,NA,NA,NA,NA,0,7,12,11,12,11,23,19,13,7,0,0,NA,NA,NA,NA,NA,NA,NA,NA,NA,NA,NA,NA,0,0,0,0,0,0,0,0,0,0,0,0,NA,NA,NA,NA,NA,1,1,1,1,1,1,1,1,
Roseville,7200 Galilee Road, Roseville, CA,95678,NA,NA,NA,NA,NA,NA,NA,NA,NA,NA,NA,NA,NA,NA,NA,NA,NA,NA,NA,NA,NA,NA,NA,NA,NA,NA,NA,NA,NA,NA,NA,0,14,44,63,64,70,69,65,53,35,0,0,NA,NA,NA,NA,NA,NA,NA,NA,NA,NA,NA,NA,0,11,33,40,43,43,39,36,29,30,2,0,NA,NA,NA,NA,NA,NA,NA,NA,NA,NA,NA,NA,0,3,16,26,33,32,42,43,43,34,6,0,NA,NA,NA,NA,NA,NA,NA,NA,NA,NA,NA,NA,0,8,16,25,25,33,42,36,33,19,4,0,NA,NA,NA,NA,NA,NA,NA,NA,NA,NA,NA,NA,0,8,23,32,31,26,26,20,27,21,5,0,NA,NA,NA,NA,NA,NA,NA,NA,NA,NA,NA,NA,0,0,0,0,0,0,0,0,0,0,0,0,NA,NA,NA,NA,NA,1,1,1,1,1,1,1,1,
Sacramento South,7775 La Mancha Way, Sacramento, CA,95823,NA,NA,NA,NA,NA,NA,NA,NA,NA,NA,NA,NA,NA,NA,NA,NA,NA,NA,NA,NA,NA,NA,NA,NA,NA,NA,NA,NA,NA,NA,NA,0,10,13,20,16,15,18,18,14,11,0,0,NA,NA,NA,NA,NA,NA,NA,NA,NA,NA,NA,NA,0,9,13,15,19,25,32,29,23,8,0,0,NA,NA,NA,NA,NA,NA,NA,NA,NA,NA,NA,NA,0,5,14,19,25,29,24,20,13,15,1,0,NA,NA,NA,NA,NA,NA,NA,NA,NA,NA,NA,NA,0,9,15,13,15,18,24,23,20,11,0,0,NA,NA,NA,NA,NA,NA,NA,NA,NA,NA,NA,NA,0,9,14,18,19,19,23,21,18,17,4,0,NA,NA,NA,NA,NA,NA,NA,NA,NA,NA,NA,NA,0,0,0,0,0,0,0,0,0,0,0,0,NA,NA,NA,NA,NA,1,1,1,1,1,1,1,1,
Sacramento,4700 Broadway, Sacramento, CA,95820,NA,NA,NA,NA,NA,NA,NA,NA,NA,NA,NA,NA,NA,NA,NA,NA,NA,NA,NA,NA,NA,NA,NA,NA,NA,NA,NA,NA,NA,NA,NA,0,11,19,24,25,24,24,21,24,18,0,0,NA,NA,NA,NA,NA,NA,NA,NA,NA,NA,NA,NA,0,12,29,33,39,35,33,18,19,20,0,0,NA,NA,NA,NA,NA,NA,NA,NA,NA,NA,NA,NA,0,5,7,13,18,20,24,20,14,10,0,0,NA,NA,NA,NA,NA,NA,NA,NA,NA,NA,NA,NA,0,9,20,25,33,32,40,41,29,8,0,0,NA,NA,NA,NA,NA,NA,NA,NA,NA,NA,NA,NA,0,10,15,19,21,24,17,15,18,24,4,0,NA,NA,NA,NA,NA,NA,NA,NA,NA,NA,NA,NA,0,0,0,0,0,0,0,0,0,0,0,0,NA,NA,NA,NA,NA,1,1,1,1,1,1,1,1,
Salinas,260 E Laurel Drive, Salinas, CA,93906,NA,NA,NA,NA,NA,NA,NA,NA,NA,NA,NA,NA,NA,NA,NA,NA,NA,NA,NA,NA,NA,NA,NA,NA,NA,NA,NA,NA,NA,NA,NA,0,4,10,16,16,15,13,14,8,4,0,0,NA,NA,NA,NA,NA,NA,NA,NA,NA,NA,NA,NA,0,6,10,12,4,10,7,7,10,3,0,0,NA,NA,NA,NA,NA,NA,NA,NA,NA,NA,NA,NA,0,2,4,11,8,6,8,13,8,6,0,0,NA,NA,NA,NA,NA,NA,NA,NA,NA,NA,NA,NA,0,4,3,3,7,6,10,12,9,3,0,0,NA,NA,NA,NA,NA,NA,NA,NA,NA,NA,NA,NA,0,7,5,9,7,8,4,10,10,5,0,0,NA,NA,NA,NA,NA,NA,NA,NA,NA,NA,NA,NA,0,0,0,0,0,0,0,0,0,0,0,0,NA,NA,NA,NA,NA,1,1,1,1,1,1,1,1,
San Bernardino,1310 N Waterman Avenue, San Bernardino, CA,92404,NA,NA,NA,NA,NA,NA,NA,NA,NA,NA,NA,NA,NA,NA,NA,NA,NA,NA,NA,NA,NA,NA,NA,NA,NA,NA,NA,NA,NA,NA,NA,0,18,41,65,58,70,72,69,66,34,3,0,NA,NA,NA,NA,NA,NA,NA,NA,NA,NA,NA,NA,1,21,50,76,66,77,64,42,32,22,7,0,NA,NA,NA,NA,NA,NA,NA,NA,NA,NA,NA,NA,0,8,19,45,42,43,31,28,29,19,1,0,NA,NA,NA,NA,NA,NA,NA,NA,NA,NA,NA,NA,1,16,32,39,29,37,32,22,20,9,2,0,NA,NA,NA,NA,NA,NA,NA,NA,NA,NA,NA,NA,0,15,31,45,39,36,39,36,36,14,3,0,NA,NA,NA,NA,NA,NA,NA,NA,NA,NA,NA,NA,0,0,0,0,0,0,0,0,0,0,0,0,NA,NA,NA,NA,NA,1,1,1,1,1,1,1,1,
San Clemente,2727 Via Cascadita, San Clemente, CA,92672,NA,NA,NA,NA,NA,NA,NA,NA,NA,NA,NA,NA,NA,NA,NA,NA,NA,NA,NA,NA,NA,NA,NA,NA,NA,NA,NA,NA,NA,NA,NA,0,14,47,73,85,102,96,68,54,22,7,0,NA,NA,NA,NA,NA,NA,NA,NA,NA,NA,NA,NA,0,16,40,56,54,56,53,44,30,14,8,0,NA,NA,NA,NA,NA,NA,NA,NA,NA,NA,NA,NA,0,7,23,40,45,60,68,50,36,9,5,0,NA,NA,NA,NA,NA,NA,NA,NA,NA,NA,NA,NA,0,12,18,13,10,15,8,11,11,6,2,0,NA,NA,NA,NA,NA,NA,NA,NA,NA,NA,NA,NA,0,12,35,38,35,32,24,18,20,13,2,0,NA,NA,NA,NA,NA,NA,NA,NA,NA,NA,NA,NA,0,0,0,0,0,0,0,0,0,0,0,0,NA,NA,NA,NA,NA,1,1,1,1,1,1,1,1,
San Diego Clairemont,4375 Derrick Drive, San Diego, CA,92117,NA,NA,NA,NA,NA,NA,NA,NA,NA,NA,NA,NA,NA,NA,NA,NA,NA,NA,NA,NA,NA,NA,NA,NA,NA,NA,NA,NA,NA,NA,NA,0,21,47,63,72,71,59,60,64,48,0,0,NA,NA,NA,NA,NA,NA,NA,NA,NA,NA,NA,NA,0,20,45,46,39,37,39,44,43,25,0,0,NA,NA,NA,NA,NA,NA,NA,NA,NA,NA,NA,NA,0,6,16,44,59,60,54,50,42,21,0,0,NA,NA,NA,NA,NA,NA,NA,NA,NA,NA,NA,NA,0,14,27,28,26,30,18,20,27,12,1,0,NA,NA,NA,NA,NA,NA,NA,NA,NA,NA,NA,NA,0,16,38,58,64,66,63,43,48,31,0,0,NA,NA,NA,NA,NA,NA,NA,NA,NA,NA,NA,NA,0,0,0,0,0,0,0,0,0,0,0,0,NA,NA,NA,NA,NA,1,1,1,1,1,1,1,1,
San Diego,3960 Normal Street, San Diego, CA,92103,NA,NA,NA,NA,NA,NA,NA,NA,NA,NA,NA,NA,NA,NA,NA,NA,NA,NA,NA,NA,NA,NA,NA,NA,NA,NA,NA,NA,NA,NA,NA,1,21,40,54,63,49,55,43,39,15,1,0,NA,NA,NA,NA,NA,NA,NA,NA,NA,NA,NA,NA,0,22,43,56,65,54,42,42,49,22,1,0,NA,NA,NA,NA,NA,NA,NA,NA,NA,NA,NA,NA,1,5,23,45,50,46,49,46,46,20,0,0,NA,NA,NA,NA,NA,NA,NA,NA,NA,NA,NA,NA,1,19,30,40,38,22,32,30,35,10,1,0,NA,NA,NA,NA,NA,NA,NA,NA,NA,NA,NA,NA,0,17,28,39,30,27,41,36,26,23,0,0,NA,NA,NA,NA,NA,NA,NA,NA,NA,NA,NA,NA,0,0,0,0,0,0,0,0,0,0,0,0,NA,NA,NA,NA,NA,1,1,1,1,1,1,1,1,
San Francisco,1377 Fell Street, San Francisco, CA,94117,NA,NA,NA,NA,NA,NA,NA,NA,NA,NA,NA,NA,NA,NA,NA,NA,NA,NA,NA,NA,NA,NA,NA,NA,NA,NA,NA,NA,NA,NA,NA,0,8,15,17,16,21,14,19,13,7,0,0,NA,NA,NA,NA,NA,NA,NA,NA,NA,NA,NA,NA,0,10,21,23,14,12,9,14,10,6,1,0,NA,NA,NA,NA,NA,NA,NA,NA,NA,NA,NA,NA,0,2,4,12,10,11,15,25,23,5,0,0,NA,NA,NA,NA,NA,NA,NA,NA,NA,NA,NA,NA,0,7,6,2,3,4,7,8,7,4,0,0,NA,NA,NA,NA,NA,NA,NA,NA,NA,NA,NA,NA,0,6,9,9,5,4,9,13,8,3,0,0,NA,NA,NA,NA,NA,NA,NA,NA,NA,NA,NA,NA,0,0,0,0,0,0,0,0,0,0,0,0,NA,NA,NA,NA,NA,1,1,1,1,1,1,1,1,
San Jose Driver License Processing Center (DL Only),2222 Senter Rd, San Jose, CA,95112,NA,NA,NA,NA,NA,NA,NA,NA,NA,NA,NA,NA,NA,NA,NA,NA,NA,NA,NA,NA,NA,NA,NA,NA,NA,NA,NA,NA,NA,NA,NA,0,6,3,5,6,6,5,2,2,2,0,0,NA,NA,NA,NA,NA,NA,NA,NA,NA,NA,NA,NA,0,3,2,4,7,9,8,2,2,1,0,0,NA,NA,NA,NA,NA,NA,NA,NA,NA,NA,NA,NA,0,1,4,4,5,7,9,2,5,1,0,0,NA,NA,NA,NA,NA,NA,NA,NA,NA,NA,NA,NA,0,1,1,2,1,1,1,1,2,1,0,0,NA,NA,NA,NA,NA,NA,NA,NA,NA,NA,NA,NA,0,2,1,1,2,2,1,1,2,2,0,0,NA,NA,NA,NA,NA,NA,NA,NA,NA,NA,NA,NA,0,0,0,0,0,0,0,0,0,0,0,0,NA,NA,NA,NA,NA,NA,1,NA,NA,1,1,NA,1,
San Jose,111 W Alma Avenue, San Jose, CA,95110,NA,NA,NA,NA,NA,NA,NA,NA,NA,NA,NA,NA,NA,NA,NA,NA,NA,NA,NA,NA,NA,NA,NA,NA,NA,NA,NA,NA,NA,NA,NA,0,4,7,7,12,16,23,19,19,5,0,0,NA,NA,NA,NA,NA,NA,NA,NA,NA,NA,NA,NA,0,4,6,6,6,10,9,10,13,3,0,0,NA,NA,NA,NA,NA,NA,NA,NA,NA,NA,NA,NA,0,0,5,8,9,16,15,12,13,4,0,0,NA,NA,NA,NA,NA,NA,NA,NA,NA,NA,NA,NA,0,3,2,1,4,4,6,2,4,1,0,0,NA,NA,NA,NA,NA,NA,NA,NA,NA,NA,NA,NA,0,2,2,3,2,10,7,5,7,2,0,0,NA,NA,NA,NA,NA,NA,NA,NA,NA,NA,NA,NA,0,0,0,0,0,0,0,0,0,0,0,0,NA,NA,NA,NA,NA,1,1,1,1,1,1,1,1,
San Luis Obispo,3190 S Higuera Street, San Luis Obispo, CA,93401,NA,NA,NA,NA,NA,NA,NA,NA,NA,NA,NA,NA,NA,NA,NA,NA,NA,NA,NA,NA,NA,NA,NA,NA,NA,NA,NA,NA,NA,NA,NA,0,4,7,5,8,7,8,5,3,3,3,0,NA,NA,NA,NA,NA,NA,NA,NA,NA,NA,NA,NA,0,6,5,6,4,4,5,4,2,2,3,0,NA,NA,NA,NA,NA,NA,NA,NA,NA,NA,NA,NA,0,2,8,10,7,9,13,11,7,4,1,0,NA,NA,NA,NA,NA,NA,NA,NA,NA,NA,NA,NA,0,4,6,4,6,6,4,4,3,2,2,0,NA,NA,NA,NA,NA,NA,NA,NA,NA,NA,NA,NA,0,6,8,5,7,10,9,7,5,3,1,0,NA,NA,NA,NA,NA,NA,NA,NA,NA,NA,NA,NA,0,0,0,0,0,0,0,0,0,0,0,0,NA,NA,NA,NA,NA,1,1,1,1,1,1,1,1,
San Marcos,590 Rancheros Dr, San Marcos, CA,92069,NA,NA,NA,NA,NA,NA,NA,NA,NA,NA,NA,NA,NA,NA,NA,NA,NA,NA,NA,NA,NA,NA,NA,NA,NA,NA,NA,NA,NA,NA,NA,0,21,41,46,44,57,67,53,45,32,11,0,NA,NA,NA,NA,NA,NA,NA,NA,NA,NA,NA,NA,0,18,21,25,22,25,20,19,22,19,4,0,NA,NA,NA,NA,NA,NA,NA,NA,NA,NA,NA,NA,0,5,15,28,20,29,24,17,26,16,2,0,NA,NA,NA,NA,NA,NA,NA,NA,NA,NA,NA,NA,0,12,14,9,7,18,29,26,26,16,2,0,NA,NA,NA,NA,NA,NA,NA,NA,NA,NA,NA,NA,0,13,24,35,38,46,50,44,39,35,5,0,NA,NA,NA,NA,NA,NA,NA,NA,NA,NA,NA,NA,0,0,0,0,0,0,0,0,0,0,0,0,NA,NA,NA,NA,NA,1,1,1,1,1,1,1,1,
San Mateo,425 N Amphlett Boulevard, San Mateo, CA,94401,NA,NA,NA,NA,NA,NA,NA,NA,NA,NA,NA,NA,NA,NA,NA,NA,NA,NA,NA,NA,NA,NA,NA,NA,NA,NA,NA,NA,NA,NA,NA,1,14,17,15,11,16,18,18,12,7,0,0,NA,NA,NA,NA,NA,NA,NA,NA,NA,NA,NA,NA,1,10,12,5,7,5,8,14,12,3,0,0,NA,NA,NA,NA,NA,NA,NA,NA,NA,NA,NA,NA,1,2,6,17,14,11,9,10,9,4,0,0,NA,NA,NA,NA,NA,NA,NA,NA,NA,NA,NA,NA,1,10,3,4,4,4,2,3,3,1,0,0,NA,NA,NA,NA,NA,NA,NA,NA,NA,NA,NA,NA,1,12,11,12,12,10,11,6,8,6,1,0,NA,NA,NA,NA,NA,NA,NA,NA,NA,NA,NA,NA,0,0,0,0,0,0,0,0,0,0,0,0,NA,NA,NA,NA,NA,1,1,1,1,1,1,1,1,
San Pedro,1511 N Gaffey Street, San Pedro, CA,90731,NA,NA,NA,NA,NA,NA,NA,NA,NA,NA,NA,NA,NA,NA,NA,NA,NA,NA,NA,NA,NA,NA,NA,NA,NA,NA,NA,NA,NA,NA,NA,0,9,20,32,33,33,30,26,32,21,0,0,NA,NA,NA,NA,NA,NA,NA,NA,NA,NA,NA,NA,0,7,10,18,25,29,24,23,24,9,0,0,NA,NA,NA,NA,NA,NA,NA,NA,NA,NA,NA,NA,0,4,9,18,23,32,36,20,23,8,0,0,NA,NA,NA,NA,NA,NA,NA,NA,NA,NA,NA,NA,0,6,8,7,4,12,12,11,11,6,0,0,NA,NA,NA,NA,NA,NA,NA,NA,NA,NA,NA,NA,0,9,10,9,6,7,7,7,8,7,0,0,NA,NA,NA,NA,NA,NA,NA,NA,NA,NA,NA,NA,0,0,0,0,0,0,0,0,0,0,0,0,NA,NA,NA,NA,NA,1,1,1,1,1,1,1,1,
San Ysidro,6111 Business Center Court, San Diego, CA,92154,NA,NA,NA,NA,NA,NA,NA,NA,NA,NA,NA,NA,NA,NA,NA,NA,NA,NA,NA,NA,NA,NA,NA,NA,NA,NA,NA,NA,NA,NA,NA,0,12,21,27,33,32,22,18,21,7,0,0,NA,NA,NA,NA,NA,NA,NA,NA,NA,NA,NA,NA,0,10,21,22,19,18,25,18,20,8,1,0,NA,NA,NA,NA,NA,NA,NA,NA,NA,NA,NA,NA,0,3,13,27,24,38,31,18,21,9,0,0,NA,NA,NA,NA,NA,NA,NA,NA,NA,NA,NA,NA,0,7,18,18,17,24,16,17,10,3,0,0,NA,NA,NA,NA,NA,NA,NA,NA,NA,NA,NA,NA,0,8,18,18,16,18,19,14,17,10,1,0,NA,NA,NA,NA,NA,NA,NA,NA,NA,NA,NA,NA,0,0,0,0,0,0,0,0,0,0,0,0,NA,NA,NA,NA,NA,1,1,1,1,1,1,1,1,
Santa Ana,1330 E First Street, Santa Ana, CA,92701,NA,NA,NA,NA,NA,NA,NA,NA,NA,NA,NA,NA,NA,NA,NA,NA,NA,NA,NA,NA,NA,NA,NA,NA,NA,NA,NA,NA,NA,NA,NA,0,19,27,39,51,58,60,55,46,18,2,0,NA,NA,NA,NA,NA,NA,NA,NA,NA,NA,NA,NA,0,21,29,33,32,32,38,31,31,12,2,0,NA,NA,NA,NA,NA,NA,NA,NA,NA,NA,NA,NA,0,9,19,32,36,40,35,24,20,14,0,0,NA,NA,NA,NA,NA,NA,NA,NA,NA,NA,NA,NA,0,16,14,18,16,13,18,23,18,9,4,0,NA,NA,NA,NA,NA,NA,NA,NA,NA,NA,NA,NA,0,15,22,30,26,20,19,15,16,7,0,0,NA,NA,NA,NA,NA,NA,NA,NA,NA,NA,NA,NA,0,0,0,0,0,0,0,0,0,0,0,0,NA,NA,NA,NA,NA,1,1,1,1,1,1,1,1,
Santa Barbara,535 Castillo Street, Santa Barbara, CA,93101,NA,NA,NA,NA,NA,NA,NA,NA,NA,NA,NA,NA,NA,NA,NA,NA,NA,NA,NA,NA,NA,NA,NA,NA,NA,NA,NA,NA,NA,NA,NA,0,14,18,17,19,22,10,15,18,8,1,0,NA,NA,NA,NA,NA,NA,NA,NA,NA,NA,NA,NA,0,12,23,20,10,9,17,17,15,7,0,0,NA,NA,NA,NA,NA,NA,NA,NA,NA,NA,NA,NA,0,2,10,17,15,17,15,18,18,13,0,0,NA,NA,NA,NA,NA,NA,NA,NA,NA,NA,NA,NA,0,10,20,15,13,12,11,3,10,8,2,0,NA,NA,NA,NA,NA,NA,NA,NA,NA,NA,NA,NA,0,9,16,13,11,22,24,23,17,5,2,0,NA,NA,NA,NA,NA,NA,NA,NA,NA,NA,NA,NA,0,0,0,0,0,0,0,0,0,0,0,0,NA,NA,NA,NA,NA,1,1,1,1,1,1,1,1,
Santa Clara,3665 Flora Vista Ave, Santa Clara, CA,95051,NA,NA,NA,NA,NA,NA,NA,NA,NA,NA,NA,NA,NA,NA,NA,NA,NA,NA,NA,NA,NA,NA,NA,NA,NA,NA,NA,NA,NA,NA,NA,0,7,26,25,22,23,17,21,23,15,0,0,NA,NA,NA,NA,NA,NA,NA,NA,NA,NA,NA,NA,0,7,19,15,16,10,8,11,18,12,0,0,NA,NA,NA,NA,NA,NA,NA,NA,NA,NA,NA,NA,0,1,7,13,14,8,19,17,13,14,0,0,NA,NA,NA,NA,NA,NA,NA,NA,NA,NA,NA,NA,0,4,4,2,3,2,4,7,8,4,0,0,NA,NA,NA,NA,NA,NA,NA,NA,NA,NA,NA,NA,0,3,6,8,7,4,4,9,15,13,2,0,NA,NA,NA,NA,NA,NA,NA,NA,NA,NA,NA,NA,0,0,0,0,0,0,0,0,0,0,0,0,NA,NA,NA,NA,NA,1,1,1,1,1,1,1,1,
Santa Maria,523 S McClelland Street, Santa Maria, CA,93454,NA,NA,NA,NA,NA,NA,NA,NA,NA,NA,NA,NA,NA,NA,NA,NA,NA,NA,NA,NA,NA,NA,NA,NA,NA,NA,NA,NA,NA,NA,NA,0,19,46,45,52,44,40,36,34,19,0,0,NA,NA,NA,NA,NA,NA,NA,NA,NA,NA,NA,NA,0,17,38,33,28,37,36,35,33,18,0,0,NA,NA,NA,NA,NA,NA,NA,NA,NA,NA,NA,NA,0,10,29,28,21,19,26,30,31,14,0,0,NA,NA,NA,NA,NA,NA,NA,NA,NA,NA,NA,NA,0,13,27,21,13,18,11,17,16,11,0,0,NA,NA,NA,NA,NA,NA,NA,NA,NA,NA,NA,NA,0,13,26,29,19,23,26,27,28,16,0,0,NA,NA,NA,NA,NA,NA,NA,NA,NA,NA,NA,NA,0,0,0,0,0,0,0,0,0,0,0,0,NA,NA,NA,NA,NA,1,1,1,1,1,1,1,1,
Santa Monica,2235 Colorado Avenue, Santa Monica, CA,90404,NA,NA,NA,NA,NA,NA,NA,NA,NA,NA,NA,NA,NA,NA,NA,NA,NA,NA,NA,NA,NA,NA,NA,NA,NA,NA,NA,NA,NA,NA,NA,0,10,23,43,30,21,20,23,34,24,3,0,NA,NA,NA,NA,NA,NA,NA,NA,NA,NA,NA,NA,0,10,25,35,26,18,18,20,34,20,2,0,NA,NA,NA,NA,NA,NA,NA,NA,NA,NA,NA,NA,0,5,17,35,22,18,19,19,29,11,0,0,NA,NA,NA,NA,NA,NA,NA,NA,NA,NA,NA,NA,0,8,10,11,8,9,6,10,14,7,2,0,NA,NA,NA,NA,NA,NA,NA,NA,NA,NA,NA,NA,0,7,14,17,15,14,10,11,15,10,2,0,NA,NA,NA,NA,NA,NA,NA,NA,NA,NA,NA,NA,0,0,0,0,0,0,0,0,0,0,0,0,NA,NA,NA,NA,NA,1,1,1,1,1,1,1,1,
Santa Paula,250 W Harvard Boulevard A, Santa Paula, CA,93060,NA,NA,NA,NA,NA,NA,NA,NA,NA,NA,NA,NA,NA,NA,NA,NA,NA,NA,NA,NA,NA,NA,NA,NA,NA,NA,NA,NA,NA,NA,NA,1,13,41,39,20,28,20,21,28,11,0,0,NA,NA,NA,NA,NA,NA,NA,NA,NA,NA,NA,NA,1,18,33,29,25,21,18,14,14,12,0,0,NA,NA,NA,NA,NA,NA,NA,NA,NA,NA,NA,NA,0,4,16,42,23,29,27,23,13,6,0,0,NA,NA,NA,NA,NA,NA,NA,NA,NA,NA,NA,NA,1,8,19,30,20,20,23,25,27,10,0,0,NA,NA,NA,NA,NA,NA,NA,NA,NA,NA,NA,NA,1,9,19,36,33,21,17,17,14,8,1,0,NA,NA,NA,NA,NA,NA,NA,NA,NA,NA,NA,NA,0,0,0,0,0,0,0,0,0,0,0,0,NA,NA,NA,NA,NA,1,1,1,1,1,1,1,1,
Santa Rosa,2570 Corby Ave, Santa Rosa, CA,95407,NA,NA,NA,NA,NA,NA,NA,NA,NA,NA,NA,NA,NA,NA,NA,NA,NA,NA,NA,NA,NA,NA,NA,NA,NA,NA,NA,NA,NA,NA,NA,0,5,16,24,21,20,12,10,19,15,0,0,NA,NA,NA,NA,NA,NA,NA,NA,NA,NA,NA,NA,0,6,6,11,10,12,8,12,22,14,0,0,NA,NA,NA,NA,NA,NA,NA,NA,NA,NA,NA,NA,0,2,9,28,27,22,19,14,20,13,0,0,NA,NA,NA,NA,NA,NA,NA,NA,NA,NA,NA,NA,0,5,8,10,6,4,6,7,14,7,0,0,NA,NA,NA,NA,NA,NA,NA,NA,NA,NA,NA,NA,0,7,11,16,11,6,7,9,17,13,0,0,NA,NA,NA,NA,NA,NA,NA,NA,NA,NA,NA,NA,0,0,0,0,0,0,0,0,0,0,0,0,NA,NA,NA,NA,NA,1,1,1,1,1,1,1,1,
Santa Teresa,180 Martinvale Lane, San Jose, CA,95119,NA,NA,NA,NA,NA,NA,NA,NA,NA,NA,NA,NA,NA,NA,NA,NA,NA,NA,NA,NA,NA,NA,NA,NA,NA,NA,NA,NA,NA,NA,NA,0,6,11,12,19,17,19,14,16,9,0,0,NA,NA,NA,NA,NA,NA,NA,NA,NA,NA,NA,NA,0,7,20,19,13,13,19,18,21,8,0,0,NA,NA,NA,NA,NA,NA,NA,NA,NA,NA,NA,NA,0,2,12,18,15,13,15,15,12,6,0,0,NA,NA,NA,NA,NA,NA,NA,NA,NA,NA,NA,NA,0,3,5,8,8,8,9,14,10,2,0,0,NA,NA,NA,NA,NA,NA,NA,NA,NA,NA,NA,NA,0,4,7,7,10,6,14,11,9,4,0,0,NA,NA,NA,NA,NA,NA,NA,NA,NA,NA,NA,NA,0,0,0,0,0,0,0,0,0,0,0,0,NA,NA,NA,NA,NA,1,1,1,1,1,1,1,1,
Seaside,1180 Canyon Del Rey Blvd, Seaside, CA,93955,NA,NA,NA,NA,NA,NA,NA,NA,NA,NA,NA,NA,NA,NA,NA,NA,NA,NA,NA,NA,NA,NA,NA,NA,NA,NA,NA,NA,NA,NA,NA,0,4,10,11,8,15,17,13,11,4,0,0,NA,NA,NA,NA,NA,NA,NA,NA,NA,NA,NA,NA,0,3,5,6,12,12,12,15,8,3,0,0,NA,NA,NA,NA,NA,NA,NA,NA,NA,NA,NA,NA,0,1,2,4,6,5,9,7,7,1,0,0,NA,NA,NA,NA,NA,NA,NA,NA,NA,NA,NA,NA,0,3,4,7,6,5,5,6,6,2,0,0,NA,NA,NA,NA,NA,NA,NA,NA,NA,NA,NA,NA,0,2,1,2,8,8,10,10,11,4,0,0,NA,NA,NA,NA,NA,NA,NA,NA,NA,NA,NA,NA,0,0,0,0,0,0,0,0,0,0,0,0,NA,NA,NA,NA,NA,1,1,1,1,1,1,1,1,
Shafter,548 Walker Street, Shafter, CA,93263,NA,NA,NA,NA,NA,NA,NA,NA,NA,NA,NA,NA,NA,NA,NA,NA,NA,NA,NA,NA,NA,NA,NA,NA,NA,NA,NA,NA,NA,NA,NA,0,8,18,36,44,29,36,30,42,25,0,0,NA,NA,NA,NA,NA,NA,NA,NA,NA,NA,NA,NA,0,6,24,40,36,28,17,26,35,14,0,0,NA,NA,NA,NA,NA,NA,NA,NA,NA,NA,NA,NA,0,2,12,30,43,29,19,21,25,15,0,0,NA,NA,NA,NA,NA,NA,NA,NA,NA,NA,NA,NA,0,7,16,10,9,11,11,17,19,9,1,0,NA,NA,NA,NA,NA,NA,NA,NA,NA,NA,NA,NA,0,9,14,12,17,12,17,13,12,6,2,0,NA,NA,NA,NA,NA,NA,NA,NA,NA,NA,NA,NA,0,0,0,0,0,0,0,0,0,0,0,0,NA,NA,NA,NA,NA,1,1,1,1,1,1,1,1,
Simi Valley,3855 D - Alamo Street, Simi Valley, CA,93063,NA,NA,NA,NA,NA,NA,NA,NA,NA,NA,NA,NA,NA,NA,NA,NA,NA,NA,NA,NA,NA,NA,NA,NA,NA,NA,NA,NA,NA,NA,NA,0,13,41,51,39,36,24,32,30,22,0,0,NA,NA,NA,NA,NA,NA,NA,NA,NA,NA,NA,NA,0,16,39,37,28,32,35,33,33,17,1,0,NA,NA,NA,NA,NA,NA,NA,NA,NA,NA,NA,NA,0,6,21,31,30,20,26,27,37,21,0,0,NA,NA,NA,NA,NA,NA,NA,NA,NA,NA,NA,NA,0,9,27,19,16,25,23,25,23,12,0,0,NA,NA,NA,NA,NA,NA,NA,NA,NA,NA,NA,NA,0,6,18,32,32,34,30,23,35,18,1,0,NA,NA,NA,NA,NA,NA,NA,NA,NA,NA,NA,NA,0,0,0,0,0,0,0,0,0,0,0,0,NA,NA,NA,NA,NA,1,1,1,1,1,1,1,1,
Sonora,885 Morning Star Drive, Sonora, CA,95370,NA,NA,NA,NA,NA,NA,NA,NA,NA,NA,NA,NA,NA,NA,NA,NA,NA,NA,NA,NA,NA,NA,NA,NA,NA,NA,NA,NA,NA,NA,NA,0,7,27,33,18,16,14,19,13,5,0,0,NA,NA,NA,NA,NA,NA,NA,NA,NA,NA,NA,NA,0,9,18,19,16,15,15,16,9,3,0,0,NA,NA,NA,NA,NA,NA,NA,NA,NA,NA,NA,NA,0,1,7,22,25,28,19,12,12,3,0,0,NA,NA,NA,NA,NA,NA,NA,NA,NA,NA,NA,NA,0,4,4,3,7,9,3,6,6,1,0,0,NA,NA,NA,NA,NA,NA,NA,NA,NA,NA,NA,NA,0,4,5,5,7,12,14,17,9,2,0,0,NA,NA,NA,NA,NA,NA,NA,NA,NA,NA,NA,NA,0,0,0,0,0,0,0,0,0,0,0,0,NA,NA,NA,NA,NA,1,1,1,1,1,1,1,1,
Stockton,55 South Lincoln Street, Stockton, CA,95203,NA,NA,NA,NA,NA,NA,NA,NA,NA,NA,NA,NA,NA,NA,NA,NA,NA,NA,NA,NA,NA,NA,NA,NA,NA,NA,NA,NA,NA,NA,NA,0,8,7,10,9,15,18,16,20,10,0,0,NA,NA,NA,NA,NA,NA,NA,NA,NA,NA,NA,NA,0,7,12,16,13,14,13,13,19,4,0,0,NA,NA,NA,NA,NA,NA,NA,NA,NA,NA,NA,NA,0,5,9,14,9,9,14,13,17,3,0,0,NA,NA,NA,NA,NA,NA,NA,NA,NA,NA,NA,NA,0,6,11,15,10,10,14,12,16,8,0,0,NA,NA,NA,NA,NA,NA,NA,NA,NA,NA,NA,NA,0,7,8,7,6,10,11,11,18,9,0,0,NA,NA,NA,NA,NA,NA,NA,NA,NA,NA,NA,NA,0,0,0,0,0,0,0,0,0,0,0,0,NA,NA,NA,NA,NA,1,1,1,1,1,1,1,1,
Susanville,2615 Main Street, Susanville, CA,96130,NA,NA,NA,NA,NA,NA,NA,NA,NA,NA,NA,NA,NA,NA,NA,NA,NA,NA,NA,NA,NA,NA,NA,NA,NA,NA,NA,NA,NA,NA,NA,0,3,3,6,3,7,7,5,9,1,0,0,NA,NA,NA,NA,NA,NA,NA,NA,NA,NA,NA,NA,0,2,3,2,1,9,14,12,5,1,0,0,NA,NA,NA,NA,NA,NA,NA,NA,NA,NA,NA,NA,0,1,3,3,5,5,5,7,3,9,0,0,NA,NA,NA,NA,NA,NA,NA,NA,NA,NA,NA,NA,0,4,3,5,2,3,3,2,1,0,0,0,NA,NA,NA,NA,NA,NA,NA,NA,NA,NA,NA,NA,0,3,3,5,4,4,6,2,1,3,0,0,NA,NA,NA,NA,NA,NA,NA,NA,NA,NA,NA,NA,0,0,0,0,0,0,0,0,0,0,0,0,NA,NA,NA,NA,NA,1,1,1,1,1,1,1,1,
Taft,165 Center Street, Taft, CA,93268,NA,NA,NA,NA,NA,NA,NA,NA,NA,NA,NA,NA,NA,NA,NA,NA,NA,NA,NA,NA,NA,NA,NA,NA,NA,NA,NA,NA,NA,NA,NA,0,6,11,14,5,8,19,3,8,4,0,0,NA,NA,NA,NA,NA,NA,NA,NA,NA,NA,NA,NA,0,6,7,12,6,18,10,8,5,1,0,0,NA,NA,NA,NA,NA,NA,NA,NA,NA,NA,NA,NA,0,2,9,16,6,9,5,9,5,1,0,0,NA,NA,NA,NA,NA,NA,NA,NA,NA,NA,NA,NA,0,3,3,3,1,1,2,1,2,1,0,0,NA,NA,NA,NA,NA,NA,NA,NA,NA,NA,NA,NA,0,2,2,3,2,6,4,5,7,2,0,0,NA,NA,NA,NA,NA,NA,NA,NA,NA,NA,NA,NA,0,0,0,0,0,0,0,0,0,0,0,0,NA,NA,NA,NA,NA,1,1,1,1,1,1,1,1,
Temecula,27851 Diaz Road, Temecula, CA,92590,NA,NA,NA,NA,NA,NA,NA,NA,NA,NA,NA,NA,NA,NA,NA,NA,NA,NA,NA,NA,NA,NA,NA,NA,NA,NA,NA,NA,NA,NA,NA,1,24,55,89,104,115,121,115,111,50,1,0,NA,NA,NA,NA,NA,NA,NA,NA,NA,NA,NA,NA,1,20,33,57,71,87,82,72,64,31,0,0,NA,NA,NA,NA,NA,NA,NA,NA,NA,NA,NA,NA,1,11,33,67,75,81,95,76,75,23,0,0,NA,NA,NA,NA,NA,NA,NA,NA,NA,NA,NA,NA,1,20,37,48,51,56,69,67,59,21,0,0,NA,NA,NA,NA,NA,NA,NA,NA,NA,NA,NA,NA,1,18,44,68,66,63,62,49,50,10,1,0,NA,NA,NA,NA,NA,NA,NA,NA,NA,NA,NA,NA,0,0,0,0,0,0,0,0,0,0,0,0,NA,NA,NA,NA,NA,1,1,1,1,1,1,1,1,
Thousand Oaks,1810 E Avenida De Los Arboles, Thousand Oaks, CA,91362,NA,NA,NA,NA,NA,NA,NA,NA,NA,NA,NA,NA,NA,NA,NA,NA,NA,NA,NA,NA,NA,NA,NA,NA,NA,NA,NA,NA,NA,NA,NA,0,12,29,32,26,39,39,33,27,19,1,0,NA,NA,NA,NA,NA,NA,NA,NA,NA,NA,NA,NA,0,11,31,42,17,28,23,28,27,18,3,0,NA,NA,NA,NA,NA,NA,NA,NA,NA,NA,NA,NA,0,4,18,41,39,25,35,26,26,18,2,0,NA,NA,NA,NA,NA,NA,NA,NA,NA,NA,NA,NA,0,7,17,22,15,17,18,14,18,8,0,0,NA,NA,NA,NA,NA,NA,NA,NA,NA,NA,NA,NA,0,11,28,32,20,24,27,17,23,11,1,0,NA,NA,NA,NA,NA,NA,NA,NA,NA,NA,NA,NA,0,0,0,0,0,0,0,0,0,0,0,0,NA,NA,NA,NA,NA,1,1,1,1,1,1,1,1,
Torrance,1785 W 220th Street, Torrance, CA,90501,NA,NA,NA,NA,NA,NA,NA,NA,NA,NA,NA,NA,NA,NA,NA,NA,NA,NA,NA,NA,NA,NA,NA,NA,NA,NA,NA,NA,NA,NA,NA,0,3,8,22,29,32,26,25,29,14,0,0,NA,NA,NA,NA,NA,NA,NA,NA,NA,NA,NA,NA,0,5,13,36,36,40,28,28,22,14,0,0,NA,NA,NA,NA,NA,NA,NA,NA,NA,NA,NA,NA,0,4,12,30,27,19,28,25,26,10,0,0,NA,NA,NA,NA,NA,NA,NA,NA,NA,NA,NA,NA,0,3,7,17,18,24,22,18,15,7,1,0,NA,NA,NA,NA,NA,NA,NA,NA,NA,NA,NA,NA,0,3,6,16,22,26,23,25,23,17,1,0,NA,NA,NA,NA,NA,NA,NA,NA,NA,NA,NA,NA,0,0,0,0,0,0,0,0,0,0,0,0,NA,NA,NA,NA,NA,1,1,1,1,1,1,1,1,
Tracy,2785 Auto Plaza Drive, Tracy, CA,95304,NA,NA,NA,NA,NA,NA,NA,NA,NA,NA,NA,NA,NA,NA,NA,NA,NA,NA,NA,NA,NA,NA,NA,NA,NA,NA,NA,NA,NA,NA,NA,0,21,39,39,40,43,44,28,27,9,0,0,NA,NA,NA,NA,NA,NA,NA,NA,NA,NA,NA,NA,0,16,22,13,14,20,21,23,25,22,0,0,NA,NA,NA,NA,NA,NA,NA,NA,NA,NA,NA,NA,0,1,13,33,31,21,28,29,29,11,0,0,NA,NA,NA,NA,NA,NA,NA,NA,NA,NA,NA,NA,0,10,7,5,6,7,11,6,8,4,0,0,NA,NA,NA,NA,NA,NA,NA,NA,NA,NA,NA,NA,0,12,17,16,15,18,14,16,19,6,0,0,NA,NA,NA,NA,NA,NA,NA,NA,NA,NA,NA,NA,0,0,0,0,0,0,0,0,0,0,0,0,NA,NA,NA,NA,NA,1,1,1,1,1,1,1,1,
Tulare,274 E Cross Avenue, Tulare, CA,93274,NA,NA,NA,NA,NA,NA,NA,NA,NA,NA,NA,NA,NA,NA,NA,NA,NA,NA,NA,NA,NA,NA,NA,NA,NA,NA,NA,NA,NA,NA,NA,0,3,13,32,33,39,39,24,25,21,0,0,NA,NA,NA,NA,NA,NA,NA,NA,NA,NA,NA,NA,0,8,24,38,37,33,33,20,23,15,1,0,NA,NA,NA,NA,NA,NA,NA,NA,NA,NA,NA,NA,0,3,15,36,37,25,28,29,26,11,0,0,NA,NA,NA,NA,NA,NA,NA,NA,NA,NA,NA,NA,0,9,16,25,23,31,30,22,17,11,0,0,NA,NA,NA,NA,NA,NA,NA,NA,NA,NA,NA,NA,0,7,28,34,25,19,19,17,17,7,0,0,NA,NA,NA,NA,NA,NA,NA,NA,NA,NA,NA,NA,0,0,0,0,0,0,0,0,0,0,0,0,NA,NA,NA,NA,NA,1,1,1,1,1,1,1,1,
Tulelake,399 Main Street, Tulelake, CA,96134,NA,NA,NA,NA,NA,NA,NA,NA,NA,NA,NA,NA,NA,NA,NA,NA,NA,NA,NA,NA,NA,NA,NA,NA,NA,NA,NA,NA,NA,NA,NA,0,0,0,0,0,0,0,0,0,0,0,0,NA,NA,NA,NA,NA,NA,NA,NA,NA,NA,NA,NA,0,0,0,0,0,0,0,0,0,0,0,0,NA,NA,NA,NA,NA,NA,NA,NA,NA,NA,NA,NA,0,0,0,0,0,0,0,0,0,0,0,0,NA,NA,NA,NA,NA,NA,NA,NA,NA,NA,NA,NA,0,0,0,0,0,0,0,0,0,0,0,0,NA,NA,NA,NA,NA,NA,NA,NA,NA,NA,NA,NA,0,0,0,0,0,0,0,0,0,0,0,0,NA,NA,NA,NA,NA,NA,NA,NA,NA,NA,NA,NA,0,0,0,0,0,0,0,0,0,0,0,0,NA,NA,NA,NA,NA,1,1,1,1,1,1,1,1,
Turlock,825 E Monte Vista Avenue, Turlock, CA,95382,NA,NA,NA,NA,NA,NA,NA,NA,NA,NA,NA,NA,NA,NA,NA,NA,NA,NA,NA,NA,NA,NA,NA,NA,NA,NA,NA,NA,NA,NA,NA,1,16,34,54,47,53,46,39,45,13,0,0,NA,NA,NA,NA,NA,NA,NA,NA,NA,NA,NA,NA,1,19,31,39,35,43,27,28,28,14,1,0,NA,NA,NA,NA,NA,NA,NA,NA,NA,NA,NA,NA,1,5,27,50,32,53,51,40,50,24,1,0,NA,NA,NA,NA,NA,NA,NA,NA,NA,NA,NA,NA,1,11,24,30,18,25,20,13,13,5,0,0,NA,NA,NA,NA,NA,NA,NA,NA,NA,NA,NA,NA,1,13,28,22,28,25,17,17,24,22,0,0,NA,NA,NA,NA,NA,NA,NA,NA,NA,NA,NA,NA,0,0,0,0,0,0,0,0,0,0,0,0,NA,NA,NA,NA,NA,1,1,1,1,1,1,1,1,
Twentynine Palms,3668 Adobe Road G-J, Twentynine Palms, CA,92277,NA,NA,NA,NA,NA,NA,NA,NA,NA,NA,NA,NA,NA,NA,NA,NA,NA,NA,NA,NA,NA,NA,NA,NA,NA,NA,NA,NA,NA,NA,NA,0,9,11,16,11,11,22,19,17,11,1,0,NA,NA,NA,NA,NA,NA,NA,NA,NA,NA,NA,NA,0,11,11,11,12,11,12,9,10,7,0,0,NA,NA,NA,NA,NA,NA,NA,NA,NA,NA,NA,NA,0,2,6,14,7,10,13,10,10,3,0,0,NA,NA,NA,NA,NA,NA,NA,NA,NA,NA,NA,NA,0,7,6,6,2,6,7,3,3,6,1,0,NA,NA,NA,NA,NA,NA,NA,NA,NA,NA,NA,NA,0,8,11,12,7,6,10,10,6,6,0,0,NA,NA,NA,NA,NA,NA,NA,NA,NA,NA,NA,NA,0,0,0,0,0,0,0,0,0,0,0,0,NA,NA,NA,NA,NA,1,1,1,1,1,1,1,1,
Ukiah,542 S Orchard Avenue, Ukiah, CA,95482,NA,NA,NA,NA,NA,NA,NA,NA,NA,NA,NA,NA,NA,NA,NA,NA,NA,NA,NA,NA,NA,NA,NA,NA,NA,NA,NA,NA,NA,NA,NA,0,6,16,24,11,28,25,23,23,18,2,0,NA,NA,NA,NA,NA,NA,NA,NA,NA,NA,NA,NA,0,5,12,28,20,23,16,14,20,9,0,0,NA,NA,NA,NA,NA,NA,NA,NA,NA,NA,NA,NA,0,1,10,27,30,29,41,27,13,10,0,0,NA,NA,NA,NA,NA,NA,NA,NA,NA,NA,NA,NA,0,2,14,16,16,19,16,9,10,21,0,0,NA,NA,NA,NA,NA,NA,NA,NA,NA,NA,NA,NA,0,5,9,9,13,20,14,24,14,6,0,0,NA,NA,NA,NA,NA,NA,NA,NA,NA,NA,NA,NA,0,0,0,0,0,0,0,0,0,0,0,0,NA,NA,NA,NA,NA,1,1,1,1,1,1,1,1,
Vacaville,621 Orange Drive, Vacaville, CA,95687,NA,NA,NA,NA,NA,NA,NA,NA,NA,NA,NA,NA,NA,NA,NA,NA,NA,NA,NA,NA,NA,NA,NA,NA,NA,NA,NA,NA,NA,NA,NA,0,12,38,46,37,33,30,25,18,5,0,0,NA,NA,NA,NA,NA,NA,NA,NA,NA,NA,NA,NA,0,15,25,23,25,20,18,24,22,8,0,0,NA,NA,NA,NA,NA,NA,NA,NA,NA,NA,NA,NA,0,2,13,23,18,19,21,18,15,6,0,0,NA,NA,NA,NA,NA,NA,NA,NA,NA,NA,NA,NA,0,10,14,3,2,4,5,10,9,5,0,0,NA,NA,NA,NA,NA,NA,NA,NA,NA,NA,NA,NA,0,6,9,7,4,2,6,11,15,8,0,0,NA,NA,NA,NA,NA,NA,NA,NA,NA,NA,NA,NA,0,0,0,0,0,0,0,0,0,0,0,0,NA,NA,NA,NA,NA,1,1,1,1,1,1,1,1,
Vallejo,200 Couch Street, Vallejo, CA,94590,NA,NA,NA,NA,NA,NA,NA,NA,NA,NA,NA,NA,NA,NA,NA,NA,NA,NA,NA,NA,NA,NA,NA,NA,NA,NA,NA,NA,NA,NA,NA,3,26,48,59,71,66,70,66,74,58,0,0,NA,NA,NA,NA,NA,NA,NA,NA,NA,NA,NA,NA,2,19,32,33,28,15,21,20,20,11,0,0,NA,NA,NA,NA,NA,NA,NA,NA,NA,NA,NA,NA,1,5,23,35,42,36,28,24,28,18,1,0,NA,NA,NA,NA,NA,NA,NA,NA,NA,NA,NA,NA,1,9,9,11,7,8,9,9,8,3,0,0,NA,NA,NA,NA,NA,NA,NA,NA,NA,NA,NA,NA,2,16,17,19,14,17,25,34,25,17,0,0,NA,NA,NA,NA,NA,NA,NA,NA,NA,NA,NA,NA,0,0,0,0,0,0,0,0,0,0,0,0,NA,NA,NA,NA,NA,1,1,1,1,1,1,1,1,
Van Nuys,14920 Vanowen Street, Van Nuys, CA,91405,NA,NA,NA,NA,NA,NA,NA,NA,NA,NA,NA,NA,NA,NA,NA,NA,NA,NA,NA,NA,NA,NA,NA,NA,NA,NA,NA,NA,NA,NA,NA,0,14,32,49,30,37,42,35,47,22,6,0,NA,NA,NA,NA,NA,NA,NA,NA,NA,NA,NA,NA,0,12,30,35,34,40,39,23,30,15,6,0,NA,NA,NA,NA,NA,NA,NA,NA,NA,NA,NA,NA,0,6,30,42,40,44,39,37,32,17,6,0,NA,NA,NA,NA,NA,NA,NA,NA,NA,NA,NA,NA,0,10,20,24,22,24,20,18,22,11,4,0,NA,NA,NA,NA,NA,NA,NA,NA,NA,NA,NA,NA,0,9,21,31,24,25,21,18,23,9,5,0,NA,NA,NA,NA,NA,NA,NA,NA,NA,NA,NA,NA,0,0,0,0,0,0,0,0,0,0,0,0,NA,NA,NA,NA,NA,1,1,1,1,1,1,1,1,
Ventura,4260 Market Street, Ventura, CA,93003,NA,NA,NA,NA,NA,NA,NA,NA,NA,NA,NA,NA,NA,NA,NA,NA,NA,NA,NA,NA,NA,NA,NA,NA,NA,NA,NA,NA,NA,NA,NA,0,10,23,25,19,26,18,19,22,5,0,0,NA,NA,NA,NA,NA,NA,NA,NA,NA,NA,NA,NA,0,8,8,8,14,27,19,8,10,3,0,0,NA,NA,NA,NA,NA,NA,NA,NA,NA,NA,NA,NA,0,4,7,16,12,14,15,8,4,4,0,0,NA,NA,NA,NA,NA,NA,NA,NA,NA,NA,NA,NA,0,7,9,11,8,18,23,21,18,15,0,0,NA,NA,NA,NA,NA,NA,NA,NA,NA,NA,NA,NA,0,5,8,8,7,10,15,17,15,12,0,0,NA,NA,NA,NA,NA,NA,NA,NA,NA,NA,NA,NA,0,0,0,0,0,0,0,0,0,0,0,0,NA,NA,NA,NA,NA,1,1,1,1,1,1,1,1,
Victorville,14855 Corta Drive, Victorville, CA,92395,NA,NA,NA,NA,NA,NA,NA,NA,NA,NA,NA,NA,NA,NA,NA,NA,NA,NA,NA,NA,NA,NA,NA,NA,NA,NA,NA,NA,NA,NA,NA,1,13,38,63,78,74,60,49,43,15,0,0,NA,NA,NA,NA,NA,NA,NA,NA,NA,NA,NA,NA,1,11,28,49,46,43,37,35,37,20,0,0,NA,NA,NA,NA,NA,NA,NA,NA,NA,NA,NA,NA,1,6,21,47,58,49,48,34,32,9,0,0,NA,NA,NA,NA,NA,NA,NA,NA,NA,NA,NA,NA,1,10,19,23,24,28,30,24,22,9,0,0,NA,NA,NA,NA,NA,NA,NA,NA,NA,NA,NA,NA,1,9,19,29,35,31,30,26,26,12,0,0,NA,NA,NA,NA,NA,NA,NA,NA,NA,NA,NA,NA,0,0,0,0,0,0,0,0,0,0,0,0,NA,NA,NA,NA,NA,1,1,1,1,1,1,1,1,
Visalia,1711 East Main Street, Visalia, CA,93292,NA,NA,NA,NA,NA,NA,NA,NA,NA,NA,NA,NA,NA,NA,NA,NA,NA,NA,NA,NA,NA,NA,NA,NA,NA,NA,NA,NA,NA,NA,NA,0,7,16,21,17,25,30,24,16,13,0,0,NA,NA,NA,NA,NA,NA,NA,NA,NA,NA,NA,NA,0,7,14,22,20,20,20,19,15,9,0,0,NA,NA,NA,NA,NA,NA,NA,NA,NA,NA,NA,NA,0,2,15,28,21,16,17,17,18,7,0,0,NA,NA,NA,NA,NA,NA,NA,NA,NA,NA,NA,NA,0,6,11,16,7,12,16,16,9,3,0,0,NA,NA,NA,NA,NA,NA,NA,NA,NA,NA,NA,NA,0,6,13,19,14,18,19,19,12,7,0,0,NA,NA,NA,NA,NA,NA,NA,NA,NA,NA,NA,NA,0,0,0,0,0,0,0,0,0,0,0,0,NA,NA,NA,NA,NA,1,1,1,1,1,1,1,1,
Watsonville,90 Alta Vista Avenue, Watsonville, CA,95076,NA,NA,NA,NA,NA,NA,NA,NA,NA,NA,NA,NA,NA,NA,NA,NA,NA,NA,NA,NA,NA,NA,NA,NA,NA,NA,NA,NA,NA,NA,NA,0,7,9,9,6,8,9,7,5,2,0,0,NA,NA,NA,NA,NA,NA,NA,NA,NA,NA,NA,NA,0,5,2,4,4,3,4,8,10,6,0,0,NA,NA,NA,NA,NA,NA,NA,NA,NA,NA,NA,NA,0,2,6,5,6,5,5,7,4,1,0,0,NA,NA,NA,NA,NA,NA,NA,NA,NA,NA,NA,NA,0,3,4,4,7,1,3,4,3,1,0,0,NA,NA,NA,NA,NA,NA,NA,NA,NA,NA,NA,NA,0,4,2,2,2,1,4,3,2,1,0,0,NA,NA,NA,NA,NA,NA,NA,NA,NA,NA,NA,NA,0,0,0,0,0,0,0,0,0,0,0,0,NA,NA,NA,NA,NA,1,1,1,1,1,1,1,1,
Weaverville,1511 Main Street, Weaverville, CA,96093,NA,NA,NA,NA,NA,NA,NA,NA,NA,NA,NA,NA,NA,NA,NA,NA,NA,NA,NA,NA,NA,NA,NA,NA,NA,NA,NA,NA,NA,NA,NA,0,2,5,3,3,0,3,4,4,2,0,0,NA,NA,NA,NA,NA,NA,NA,NA,NA,NA,NA,NA,0,1,3,6,6,6,3,4,2,1,0,0,NA,NA,NA,NA,NA,NA,NA,NA,NA,NA,NA,NA,0,1,5,6,2,0,3,7,6,3,0,0,NA,NA,NA,NA,NA,NA,NA,NA,NA,NA,NA,NA,0,1,3,3,1,0,2,3,2,2,0,0,NA,NA,NA,NA,NA,NA,NA,NA,NA,NA,NA,NA,0,1,1,4,0,0,1,3,3,1,0,0,NA,NA,NA,NA,NA,NA,NA,NA,NA,NA,NA,NA,0,0,0,0,0,0,0,0,0,0,0,0,NA,NA,NA,NA,NA,1,1,1,1,1,1,1,1,
West Covina,800 So Glendora Avenue, West Covina, CA,91790,NA,NA,NA,NA,NA,NA,NA,NA,NA,NA,NA,NA,NA,NA,NA,NA,NA,NA,NA,NA,NA,NA,NA,NA,NA,NA,NA,NA,NA,NA,NA,0,7,33,24,17,36,29,32,53,66,12,0,NA,NA,NA,NA,NA,NA,NA,NA,NA,NA,NA,NA,0,11,33,20,10,22,23,28,45,25,2,0,NA,NA,NA,NA,NA,NA,NA,NA,NA,NA,NA,NA,0,4,15,26,26,29,29,45,63,67,7,0,NA,NA,NA,NA,NA,NA,NA,NA,NA,NA,NA,NA,0,8,23,25,15,32,42,33,38,41,3,0,NA,NA,NA,NA,NA,NA,NA,NA,NA,NA,NA,NA,0,8,26,20,4,16,26,24,36,41,15,0,NA,NA,NA,NA,NA,NA,NA,NA,NA,NA,NA,NA,0,0,0,0,0,0,0,0,0,0,0,0,NA,NA,NA,NA,NA,1,1,1,1,1,1,1,1,
West Hollywood,936 N Formosa Ave, West Hollywood, CA,90046,NA,NA,NA,NA,NA,NA,NA,NA,NA,NA,NA,NA,NA,NA,NA,NA,NA,NA,NA,NA,NA,NA,NA,NA,NA,NA,NA,NA,NA,NA,NA,0,10,14,17,16,16,25,20,18,15,3,0,NA,NA,NA,NA,NA,NA,NA,NA,NA,NA,NA,NA,0,10,17,16,19,13,16,15,15,15,3,0,NA,NA,NA,NA,NA,NA,NA,NA,NA,NA,NA,NA,0,3,12,16,19,10,9,13,16,15,3,0,NA,NA,NA,NA,NA,NA,NA,NA,NA,NA,NA,NA,0,7,4,8,18,12,16,12,11,12,2,0,NA,NA,NA,NA,NA,NA,NA,NA,NA,NA,NA,NA,0,9,9,9,8,9,11,14,19,12,2,0,NA,NA,NA,NA,NA,NA,NA,NA,NA,NA,NA,NA,0,0,0,0,0,0,0,0,0,0,0,0,NA,NA,NA,NA,NA,1,NA,1,1,NA,1,1,1,
West Sacramento Commercial Drive Test Center,2528 Evergreen Avenue, West Sacramento, CA,95691,NA,NA,NA,NA,NA,NA,NA,NA,NA,NA,NA,NA,NA,NA,NA,NA,NA,NA,NA,NA,NA,NA,NA,NA,NA,NA,NA,NA,NA,NA,NA,0,0,0,1,1,1,1,0,1,0,0,0,NA,NA,NA,NA,NA,NA,NA,NA,NA,NA,NA,NA,0,0,0,1,1,1,1,1,3,0,0,0,NA,NA,NA,NA,NA,NA,NA,NA,NA,NA,NA,NA,1,1,0,1,1,2,1,1,1,0,0,0,NA,NA,NA,NA,NA,NA,NA,NA,NA,NA,NA,NA,0,0,1,1,0,1,1,1,0,0,0,0,NA,NA,NA,NA,NA,NA,NA,NA,NA,NA,NA,NA,1,1,1,1,1,2,1,1,1,0,0,0,NA,NA,NA,NA,NA,NA,NA,NA,NA,NA,NA,NA,0,0,0,0,0,0,0,0,0,0,0,0,NA,NA,NA,NA,NA,NA,NA,NA,NA,1,1,NA,1,
Westminster,13700 Hoover Street, Westminster, CA,92683,NA,NA,NA,NA,NA,NA,NA,NA,NA,NA,NA,NA,NA,NA,NA,NA,NA,NA,NA,NA,NA,NA,NA,NA,NA,NA,NA,NA,NA,NA,NA,0,19,40,53,47,46,30,29,30,25,3,0,NA,NA,NA,NA,NA,NA,NA,NA,NA,NA,NA,NA,0,20,32,33,27,9,6,7,10,10,0,0,NA,NA,NA,NA,NA,NA,NA,NA,NA,NA,NA,NA,0,8,18,28,29,23,12,13,17,7,0,0,NA,NA,NA,NA,NA,NA,NA,NA,NA,NA,NA,NA,0,12,17,10,3,4,6,11,12,8,1,0,NA,NA,NA,NA,NA,NA,NA,NA,NA,NA,NA,NA,0,15,24,23,23,11,6,9,10,13,3,0,NA,NA,NA,NA,NA,NA,NA,NA,NA,NA,NA,NA,0,0,0,0,0,0,0,0,0,0,0,0,NA,NA,NA,NA,NA,1,1,1,1,1,1,1,1,
Whittier,9338 S Painter Avenue, Whittier, CA,90605,NA,NA,NA,NA,NA,NA,NA,NA,NA,NA,NA,NA,NA,NA,NA,NA,NA,NA,NA,NA,NA,NA,NA,NA,NA,NA,NA,NA,NA,NA,NA,0,18,22,30,28,20,20,18,18,6,0,0,NA,NA,NA,NA,NA,NA,NA,NA,NA,NA,NA,NA,0,13,13,17,15,13,9,11,18,6,0,0,NA,NA,NA,NA,NA,NA,NA,NA,NA,NA,NA,NA,0,4,14,23,12,10,8,8,12,4,0,0,NA,NA,NA,NA,NA,NA,NA,NA,NA,NA,NA,NA,0,8,8,11,6,4,9,7,8,6,0,0,NA,NA,NA,NA,NA,NA,NA,NA,NA,NA,NA,NA,1,10,5,8,5,5,7,8,11,5,0,0,NA,NA,NA,NA,NA,NA,NA,NA,NA,NA,NA,NA,0,0,0,0,0,0,0,0,0,0,0,0,NA,NA,NA,NA,NA,1,1,1,1,1,1,1,1,
Willows,815 N Humboldt Avenue, Willows, CA,95988,NA,NA,NA,NA,NA,NA,NA,NA,NA,NA,NA,NA,NA,NA,NA,NA,NA,NA,NA,NA,NA,NA,NA,NA,NA,NA,NA,NA,NA,NA,NA,0,7,17,18,15,11,14,14,5,4,0,0,NA,NA,NA,NA,NA,NA,NA,NA,NA,NA,NA,NA,0,3,10,6,2,4,2,2,3,1,0,0,NA,NA,NA,NA,NA,NA,NA,NA,NA,NA,NA,NA,0,1,8,6,12,8,4,5,6,4,0,0,NA,NA,NA,NA,NA,NA,NA,NA,NA,NA,NA,NA,0,4,4,3,4,5,3,2,2,1,0,0,NA,NA,NA,NA,NA,NA,NA,NA,NA,NA,NA,NA,0,4,6,5,3,3,3,3,3,2,0,0,NA,NA,NA,NA,NA,NA,NA,NA,NA,NA,NA,NA,0,0,0,0,0,0,0,0,0,0,0,0,NA,NA,NA,NA,NA,1,1,1,1,1,1,1,1,
Winnetka,20725 Sherman Way, Winnetka, CA,91306,NA,NA,NA,NA,NA,NA,NA,NA,NA,NA,NA,NA,NA,NA,NA,NA,NA,NA,NA,NA,NA,NA,NA,NA,NA,NA,NA,NA,NA,NA,NA,0,17,47,64,61,56,50,54,29,21,2,0,NA,NA,NA,NA,NA,NA,NA,NA,NA,NA,NA,NA,0,15,37,49,47,47,51,52,38,16,3,0,NA,NA,NA,NA,NA,NA,NA,NA,NA,NA,NA,NA,0,4,15,31,43,43,50,48,25,8,1,0,NA,NA,NA,NA,NA,NA,NA,NA,NA,NA,NA,NA,0,11,23,17,18,21,20,25,25,11,2,0,NA,NA,NA,NA,NA,NA,NA,NA,NA,NA,NA,NA,0,9,18,23,28,30,39,45,34,16,4,0,NA,NA,NA,NA,NA,NA,NA,NA,NA,NA,NA,NA,0,0,0,0,0,0,0,0,0,0,0,0,NA,NA,NA,NA,NA,1,1,1,1,1,1,1,1,
Woodland,825 East St,Suite 306, CA,95776,NA,NA,NA,NA,NA,NA,NA,NA,NA,NA,NA,NA,NA,NA,NA,NA,NA,NA,NA,NA,NA,NA,NA,NA,NA,NA,NA,NA,NA,NA,NA,0,15,28,32,33,18,17,18,29,10,0,0,NA,NA,NA,NA,NA,NA,NA,NA,NA,NA,NA,NA,0,11,13,22,24,9,4,5,16,8,0,0,NA,NA,NA,NA,NA,NA,NA,NA,NA,NA,NA,NA,0,4,16,32,37,20,10,9,21,10,0,0,NA,NA,NA,NA,NA,NA,NA,NA,NA,NA,NA,NA,0,7,5,7,5,4,3,5,8,4,0,0,NA,NA,NA,NA,NA,NA,NA,NA,NA,NA,NA,NA,0,13,30,35,37,38,27,20,28,6,0,0,NA,NA,NA,NA,NA,NA,NA,NA,NA,NA,NA,NA,0,0,0,0,0,0,0,0,0,0,0,0,NA,NA,NA,NA,NA,1,1,1,1,1,1,1,1,
Yreka,1848 Fort Jones Rd, Yreka, CA,96097,NA,NA,NA,NA,NA,NA,NA,NA,NA,NA,NA,NA,NA,NA,NA,NA,NA,NA,NA,NA,NA,NA,NA,NA,NA,NA,NA,NA,NA,NA,NA,0,6,10,11,10,6,13,13,19,11,0,0,NA,NA,NA,NA,NA,NA,NA,NA,NA,NA,NA,NA,0,3,5,10,11,17,6,20,13,3,0,0,NA,NA,NA,NA,NA,NA,NA,NA,NA,NA,NA,NA,0,1,5,9,4,13,8,7,4,2,0,0,NA,NA,NA,NA,NA,NA,NA,NA,NA,NA,NA,NA,0,4,2,7,9,5,4,4,5,3,0,0,NA,NA,NA,NA,NA,NA,NA,NA,NA,NA,NA,NA,0,4,10,13,16,10,4,9,10,0,0,0,NA,NA,NA,NA,NA,NA,NA,NA,NA,NA,NA,NA,0,0,0,0,0,0,0,0,0,0,0,0,NA,NA,NA,NA,NA,1,1,1,1,1,1,1,1,
Yuba City,1570 Poole Boulevard, Yuba City, CA,95993,NA,NA,NA,NA,NA,NA,NA,NA,NA,NA,NA,NA,NA,NA,NA,NA,NA,NA,NA,NA,NA,NA,NA,NA,NA,NA,NA,NA,NA,NA,NA,1,17,19,17,23,15,13,19,20,20,0,0,NA,NA,NA,NA,NA,NA,NA,NA,NA,NA,NA,NA,1,16,15,19,17,11,13,15,14,10,0,0,NA,NA,NA,NA,NA,NA,NA,NA,NA,NA,NA,NA,1,3,13,15,10,18,18,18,18,13,0,0,NA,NA,NA,NA,NA,NA,NA,NA,NA,NA,NA,NA,0,9,7,8,7,12,12,11,12,7,0,0,NA,NA,NA,NA,NA,NA,NA,NA,NA,NA,NA,NA,0,13,12,10,12,15,16,14,15,11,1,0,NA,NA,NA,NA,NA,NA,NA,NA,NA,NA,NA,NA,0,0,0,0,0,0,0,0,0,0,0,0,NA,NA,NA,NA,NA,1,1,1,1,1,1,1,1,
Bishop,1115 West Line Street, Bishop, CA,93514,NA,NA,NA,NA,NA,NA,NA,NA,NA,NA,NA,NA,NA,NA,NA,NA,NA,NA,NA,NA,NA,NA,NA,NA,NA,NA,NA,NA,NA,NA,NA,1,8,19,21,20,21,7,13,15,8,0,0,NA,NA,NA,NA,NA,NA,NA,NA,NA,NA,NA,NA,0,8,6,6,9,4,6,10,9,1,0,0,NA,NA,NA,NA,NA,NA,NA,NA,NA,NA,NA,NA,0,1,7,13,10,11,11,5,4,1,0,0,NA,NA,NA,NA,NA,NA,NA,NA,NA,NA,NA,NA,1,4,3,3,5,2,2,3,5,3,0,0,NA,NA,NA,NA,NA,NA,NA,NA,NA,NA,NA,NA,0,5,5,7,12,12,15,7,11,5,0,0,NA,NA,NA,NA,NA,NA,NA,NA,NA,NA,NA,NA,0,0,0,0,0,0,0,0,0,0,0,0,NA,NA,NA,NA,NA,1,1,1,1,1,1,1,1,
Barstow,528 E Virginia Way, Barstow, CA,92311,NA,NA,NA,NA,NA,NA,NA,NA,NA,NA,NA,NA,NA,NA,NA,NA,NA,NA,NA,NA,NA,NA,NA,NA,NA,NA,NA,NA,NA,NA,NA,0,14,31,38,38,33,42,34,30,10,1,0,NA,NA,NA,NA,NA,NA,NA,NA,NA,NA,NA,NA,0,14,22,22,20,17,14,18,23,5,0,0,NA,NA,NA,NA,NA,NA,NA,NA,NA,NA,NA,NA,0,6,22,31,20,20,20,20,10,6,0,0,NA,NA,NA,NA,NA,NA,NA,NA,NA,NA,NA,NA,0,10,6,9,10,11,11,6,6,5,0,0,NA,NA,NA,NA,NA,NA,NA,NA,NA,NA,NA,NA,0,11,15,20,10,11,18,12,8,8,1,0,NA,NA,NA,NA,NA,NA,NA,NA,NA,NA,NA,NA,0,0,0,0,0,0,0,0,0,0,0,0,NA,NA,NA,NA,NA,1,1,1,1,1,1,1,1,
Blythe,430 S Broadway, Blythe, CA,92225,NA,NA,NA,NA,NA,NA,NA,NA,NA,NA,NA,NA,NA,NA,NA,NA,NA,NA,NA,NA,NA,NA,NA,NA,NA,NA,NA,NA,NA,NA,NA,0,4,12,13,8,7,7,3,3,2,0,0,NA,NA,NA,NA,NA,NA,NA,NA,NA,NA,NA,NA,0,6,11,15,4,4,3,5,5,4,2,0,NA,NA,NA,NA,NA,NA,NA,NA,NA,NA,NA,NA,0,1,5,4,7,7,2,2,3,1,0,0,NA,NA,NA,NA,NA,NA,NA,NA,NA,NA,NA,NA,0,2,3,4,5,3,5,2,3,2,0,0,NA,NA,NA,NA,NA,NA,NA,NA,NA,NA,NA,NA,0,2,2,2,5,6,3,2,2,2,0,0,NA,NA,NA,NA,NA,NA,NA,NA,NA,NA,NA,NA,0,0,0,0,0,0,0,0,0,0,0,0,NA,NA,NA,NA,NA,1,1,1,1,1,1,1,1,
Colusa,1025 Bridge St STE B, Colusa, CA,95932,NA,NA,NA,NA,NA,NA,NA,NA,NA,NA,NA,NA,NA,NA,NA,NA,NA,NA,NA,NA,NA,NA,NA,NA,NA,NA,NA,NA,NA,NA,NA,0,12,23,18,16,15,19,16,13,5,0,0,NA,NA,NA,NA,NA,NA,NA,NA,NA,NA,NA,NA,0,6,11,7,9,9,5,8,7,1,0,0,NA,NA,NA,NA,NA,NA,NA,NA,NA,NA,NA,NA,0,1,7,12,17,10,10,4,4,2,0,0,NA,NA,NA,NA,NA,NA,NA,NA,NA,NA,NA,NA,0,5,2,3,1,3,2,6,2,3,0,0,NA,NA,NA,NA,NA,NA,NA,NA,NA,NA,NA,NA,0,3,2,4,3,4,8,9,14,4,0,0,NA,NA,NA,NA,NA,NA,NA,NA,NA,NA,NA,NA,0,0,0,0,0,0,0,0,0,0,0,0,NA,NA,NA,NA,NA,1,1,1,1,1,1,1,1,
El Monte,4000 Arden Drive, El Monte, CA,91731,NA,NA,NA,NA,NA,NA,NA,NA,NA,NA,NA,NA,NA,NA,NA,NA,NA,NA,NA,NA,NA,NA,NA,NA,NA,NA,NA,NA,NA,NA,NA,0,11,34,27,27,39,41,39,43,36,3,0,NA,NA,NA,NA,NA,NA,NA,NA,NA,NA,NA,NA,0,14,34,35,38,37,30,28,33,27,1,0,NA,NA,NA,NA,NA,NA,NA,NA,NA,NA,NA,NA,0,6,18,34,37,42,36,31,37,22,0,0,NA,NA,NA,NA,NA,NA,NA,NA,NA,NA,NA,NA,0,11,24,32,36,29,28,16,16,10,0,0,NA,NA,NA,NA,NA,NA,NA,NA,NA,NA,NA,NA,0,11,24,28,27,27,41,32,36,27,1,0,NA,NA,NA,NA,NA,NA,NA,NA,NA,NA,NA,NA,0,0,0,0,0,0,0,0,0,0,0,0,NA,NA,NA,NA,NA,1,1,1,1,1,1,1,1,
Jackson,201 Clinton Road, Jackson, CA,95642,NA,NA,NA,NA,NA,NA,NA,NA,NA,NA,NA,NA,NA,NA,NA,NA,NA,NA,NA,NA,NA,NA,NA,NA,NA,NA,NA,NA,NA,NA,NA,0,6,17,19,19,27,29,20,18,4,0,0,NA,NA,NA,NA,NA,NA,NA,NA,NA,NA,NA,NA,0,5,5,4,10,13,5,5,7,1,0,0,NA,NA,NA,NA,NA,NA,NA,NA,NA,NA,NA,NA,0,2,11,26,38,22,13,8,10,4,0,0,NA,NA,NA,NA,NA,NA,NA,NA,NA,NA,NA,NA,0,3,3,4,6,9,2,5,6,3,0,0,NA,NA,NA,NA,NA,NA,NA,NA,NA,NA,NA,NA,0,5,7,12,11,14,14,12,5,1,0,0,NA,NA,NA,NA,NA,NA,NA,NA,NA,NA,NA,NA,0,0,0,0,0,0,0,0,0,0,0,0,NA,NA,NA,NA,NA,1,1,1,1,1,1,1,1,
Needles,1040 E Broadway St, Needles, CA,92363,NA,NA,NA,NA,NA,NA,NA,NA,NA,NA,NA,NA,NA,NA,NA,NA,NA,NA,NA,NA,NA,NA,NA,NA,NA,NA,NA,NA,NA,NA,NA,0,16,35,45,37,44,43,29,3,1,0,0,NA,NA,NA,NA,NA,NA,NA,NA,NA,NA,NA,NA,0,8,12,8,23,22,12,12,5,0,0,0,NA,NA,NA,NA,NA,NA,NA,NA,NA,NA,NA,NA,0,2,10,21,8,5,11,16,10,3,0,0,NA,NA,NA,NA,NA,NA,NA,NA,NA,NA,NA,NA,0,11,14,7,7,2,3,4,4,1,0,0,NA,NA,NA,NA,NA,NA,NA,NA,NA,NA,NA,NA,0,11,16,8,5,11,6,4,5,0,0,0,NA,NA,NA,NA,NA,NA,NA,NA,NA,NA,NA,NA,0,0,0,0,0,0,0,0,0,0,0,0,NA,NA,NA,NA,NA,1,1,1,1,1,1,1,1,
Oroville,775 Mitchell Avenue, Oroville, CA,95965,NA,NA,NA,NA,NA,NA,NA,NA,NA,NA,NA,NA,NA,NA,NA,NA,NA,NA,NA,NA,NA,NA,NA,NA,NA,NA,NA,NA,NA,NA,NA,0,7,7,12,10,14,16,12,16,7,0,0,NA,NA,NA,NA,NA,NA,NA,NA,NA,NA,NA,NA,0,5,2,7,7,13,15,10,12,4,0,0,NA,NA,NA,NA,NA,NA,NA,NA,NA,NA,NA,NA,0,1,6,9,8,14,10,5,4,2,0,0,NA,NA,NA,NA,NA,NA,NA,NA,NA,NA,NA,NA,0,1,1,6,4,9,13,7,3,1,0,0,NA,NA,NA,NA,NA,NA,NA,NA,NA,NA,NA,NA,0,2,3,3,9,9,7,2,5,1,0,0,NA,NA,NA,NA,NA,NA,NA,NA,NA,NA,NA,NA,0,0,0,0,0,0,0,0,0,0,0,0,NA,NA,NA,NA,NA,1,1,1,1,1,1,1,1,
Ridgecrest,540A Perdew Avenue, Ridgecrest, CA,93555,NA,NA,NA,NA,NA,NA,NA,NA,NA,NA,NA,NA,NA,NA,NA,NA,NA,NA,NA,NA,NA,NA,NA,NA,NA,NA,NA,NA,NA,NA,NA,0,8,17,16,27,26,25,22,20,8,0,0,NA,NA,NA,NA,NA,NA,NA,NA,NA,NA,NA,NA,0,11,15,16,16,11,17,14,12,8,0,0,NA,NA,NA,NA,NA,NA,NA,NA,NA,NA,NA,NA,0,2,11,18,19,21,16,13,14,7,0,0,NA,NA,NA,NA,NA,NA,NA,NA,NA,NA,NA,NA,0,4,10,4,8,12,13,12,4,4,0,0,NA,NA,NA,NA,NA,NA,NA,NA,NA,NA,NA,NA,0,6,9,14,14,8,4,5,12,7,0,0,NA,NA,NA,NA,NA,NA,NA,NA,NA,NA,NA,NA,0,0,0,0,0,0,0,0,0,0,0,0,NA,NA,NA,NA,NA,1,1,1,1,1,1,1,1,
San Andreas,745 Mountain Ranch Rd, San Andreas, CA,95249,NA,NA,NA,NA,NA,NA,NA,NA,NA,NA,NA,NA,NA,NA,NA,NA,NA,NA,NA,NA,NA,NA,NA,NA,NA,NA,NA,NA,NA,NA,NA,0,10,12,16,15,22,11,9,15,6,0,0,NA,NA,NA,NA,NA,NA,NA,NA,NA,NA,NA,NA,0,5,6,14,6,4,7,5,4,0,0,0,NA,NA,NA,NA,NA,NA,NA,NA,NA,NA,NA,NA,0,1,8,9,8,14,14,5,7,3,0,0,NA,NA,NA,NA,NA,NA,NA,NA,NA,NA,NA,NA,0,8,6,8,11,8,5,1,2,1,0,0,NA,NA,NA,NA,NA,NA,NA,NA,NA,NA,NA,NA,0,6,10,6,6,4,3,4,5,1,0,0,NA,NA,NA,NA,NA,NA,NA,NA,NA,NA,NA,NA,0,0,0,0,0,0,0,0,0,0,0,0,NA,NA,NA,NA,NA,1,1,1,1,1,1,1,1,
South Lake Tahoe,3344 B Lake Tahoe Boulevard, South Lake Tahoe, CA,96150,NA,NA,NA,NA,NA,NA,NA,NA,NA,NA,NA,NA,NA,NA,NA,NA,NA,NA,NA,NA,NA,NA,NA,NA,NA,NA,NA,NA,NA,NA,NA,0,10,14,15,19,28,25,15,25,15,0,0,NA,NA,NA,NA,NA,NA,NA,NA,NA,NA,NA,NA,0,4,5,8,10,17,24,12,11,7,0,0,NA,NA,NA,NA,NA,NA,NA,NA,NA,NA,NA,NA,0,1,8,11,17,18,17,24,21,10,0,0,NA,NA,NA,NA,NA,NA,NA,NA,NA,NA,NA,NA,0,2,5,6,5,17,19,16,19,4,0,0,NA,NA,NA,NA,NA,NA,NA,NA,NA,NA,NA,NA,0,2,5,11,14,7,8,5,11,7,0,0,NA,NA,NA,NA,NA,NA,NA,NA,NA,NA,NA,NA,0,0,0,0,0,0,0,0,0,0,0,0,NA,NA,NA,NA,NA,1,1,1,1,1,1,1,1,
Truckee,11357 Donner Pass Road Suite I, Truckee, CA,96162,NA,NA,NA,NA,NA,NA,NA,NA,NA,NA,NA,NA,NA,NA,NA,NA,NA,NA,NA,NA,NA,NA,NA,NA,NA,NA,NA,NA,NA,NA,NA,0,19,55,65,58,58,47,31,17,11,0,0,NA,NA,NA,NA,NA,NA,NA,NA,NA,NA,NA,NA,0,12,36,31,23,27,28,19,16,13,0,0,NA,NA,NA,NA,NA,NA,NA,NA,NA,NA,NA,NA,0,3,18,26,31,35,30,23,17,6,0,0,NA,NA,NA,NA,NA,NA,NA,NA,NA,NA,NA,NA,0,10,18,17,9,19,17,7,10,6,0,0,NA,NA,NA,NA,NA,NA,NA,NA,NA,NA,NA,NA,0,11,25,18,18,22,24,28,23,12,0,1,NA,NA,NA,NA,NA,NA,NA,NA,NA,NA,NA,NA,0,0,0,0,0,0,0,0,0,0,0,0,NA,NA,NA,NA,NA,1,1,1,1,1,1,1,1,